,Life
0.0119,2670.360743410068
0.00067,498877328.44791156
0.00059,1396554319.0683324
0.0010400000000000001,17343421.104379777
0.00062,933150471.153547
0.00045000000000000004,12937576716.409624
0.0062699999999999995,11018.715342837522
0.00094,36025678.84888765
0.00037,65529260289.540535
0.00082,101224533.08600421
0.00025,1708849659983.4268
0.00057,1850404427.0322676
0.00096,30856906.129869755
0.00012,773359003483389.1
0.0008,122566755.62819907
0.00086,70241712.00534192
0.00021,7300750822319.182
0.00107,14207009.80917479
0.00035,103968498054.46352
0.00071,313692088.73124486
0.00054,2880695338.4090962
0.00032,218994638324.88358
0.00099,24665753.118528195
7.000000000000001e-05,6.903073127264989e+16
0.00092,42256219.251128316
0.00063,819682351.0505195
0.00126,4794594.283592677
0.01468,1745.3722638217052
0.00213,311346.9255624434
0.0013000000000000002,3944672.053241763
0.00192,490805.4073792928
0.00083,92192609.5605022
0.00016,70356344183775.79
0.0013700000000000001,2870334.945849692
0.0018100000000000002,646583.6894107835
0.0007199999999999999,280661561.5828502
0.00163,1090301.9652526889
0.00151,1642792.671415678
0.00066,563017319.7712936
0.00084,84086386.24255283
0.00064,721643689.5649047
0.00055,2478445985.8791747
0.0011,11735205.162558403
0.0011200000000000001,10376955.267339336
0.00038,52515267197.45095
0.00075,203163363.95904812
0.0005600000000000001,2138533740.8281841
0.0009699999999999999,28606013.440618705
0.00041,27961717354.689537
0.00027,900363985659.532
0.0013100000000000002,3762810.576191887
2e-05,2.360147219368965e+21
0.00069,394064302.5047915
0.0012900000000000001,4137893.717766394
0.0031000000000000003,77591.03670974066
0.0179,1182.1833734484069
0.00087,64329777.07248664
0.0031200000000000004,75978.49641858622
0.00267,129402.06480764742
0.00019,16806203209630.047
0.0018700000000000001,554320.2405124841
0.00125,5042526.2500841515
0.00079,135174848.4302119
0.00108,13317999.487543646
0.00013000000000000002,396926950861251.56
0.0004,34313924689.020477
0.0002,10961874251205.557
0.00046,10788349969.665377
0.00026000000000000003,1232750205150.2156
0.0011899999999999999,6924590.4803786585
5e-05,1.1396551342168547e+18
0.00074,225876519.83316445
0.0008900000000000001,54169617.33544394
0.0020800000000000003,344427.3719414156
0.0010500000000000002,16212257.602988526
0.00183,613620.3544450211
0.00139,2634485.2744858973
0.00103,18571610.98089082
0.00118,7319197.0842461
0.00035999999999999997,82273226553.3188
0.00113,9770485.65627705
0.0007700000000000001,165184803.11987022
0.00015,120461960890949.98
0.00138,2749139.86003216
0.00198,427212.2421248143
0.00199,417748.113781726
0.0015500000000000002,1423964.90067099
0.00044,15580423416.00861
0.001,22940875.255573675
0.0162,1436.3262357188512
0.00047,9032548423.51062
0.00116,8196068.912524623
8.999999999999999e-05,8501831800178776.0
0.00039000000000000005,42332342300.71525
0.0003,374620033831.38226
0.0023799999999999997,198760.46066109455
0.00226,243906.32831633123
0.0007800000000000001,149310485.40720966
0.0043300000000000005,28508.165454961272
0.0006,1217944550.9554324
0.00204,374577.0542055396
0.00279,110757.46312820012
0.00172,829360.706722844
0.0014399999999999999,2145712.056223207
0.00123,5588939.246288205
0.00088,58993271.74880675
0.01528,1611.8816343992771
0.00031,285179485604.26196
0.00232,219678.28339204134
0.00152,1584122.7398043657
0.00091,45846879.845478654
0.00061,1064802745.6356032
0.00011,1596890614993054.2
0.00478,21823.591544949923
0.00239,195555.10772218052
0.00073,251561813.0541434
0.00134,3277854.7865390447
0.00111,11030435.095064215
0.024050000000000002,673.2830984589167
0.00024,2400716853531.6206
0.00017,42454808520633.195
0.0021200000000000004,317592.0327973687
0.00029,496713444242.9671
0.006,12257.502781345935
0.00098,26548548.588572096
0.0012,6556190.938168042
0.00034,132289648498.55174
0.0005,5422676601.799895
0.0009000000000000001,49803694.191495046
0.00171,853861.3771038821
0.00085,76800233.87172192
0.0014,2525953.594764757
0.01704,1300.9895347225186
0.00136,2998521.48024293
0.00023,3421989528480.841
0.00211,324015.9478202317
0.00133,3430096.257378023
0.00042,22900509408.849678
0.00188,540741.0310062343
0.00164,1056253.2933884535
0.00033,169553187259.1747
0.00197,436979.1139188318
0.00101,21358934.295830518
0.0008100000000000001,111303046.72956705
0.01465,1752.500529491164
0.00175,761365.1587721147
0.00132,3591526.0566648347
0.00022,4955362244583.285
0.0005300000000000001,3358247819.26606
0.00307,80106.76165559582
0.00128,4343325.781761337
0.0017900000000000001,682032.984353175
0.00161,1162960.7944820274
0.00143,2233358.547703145
0.00017999999999999998,26369454673121.46
0.00326,65967.53656658875
0.00302,84576.6323368145
0.00043,18845798224.26009
0.00121,6211983.843983347
0.01941,1011.17942784745
0.00265,132951.1210896581
0.00114,9207144.176494485
0.0001,3533508215303610.0
0.00564,14275.461882788764
0.00124,5306876.226564869
0.00146,1983480.8668439519
0.00148,1836967.4747067427
0.01503,1665.4773925063528
0.0034,57803.20231499002
0.0039700000000000004,36396.938657063234
0.00418,31445.44490532194
0.0025499999999999997,153016.1560841357
0.00051,4607030918.197672
0.0071600000000000006,8059.749286068274
0.00159,1242268.0312874196
0.0005200000000000001,3927093435.465628
0.0022400000000000002,252833.95161850512
0.00214,305274.38496444206
0.00014000000000000001,214053396335695.0
0.00048,7591863794.897969
0.0007,351257141.065338
0.00058,1605434978.677684
8e-05,2.2687112015127252e+16
0.00028000000000000003,665187774609.2522
0.01245,2433.7769767875507
0.0035800000000000003,49353.091776162364
0.00508,18610.98679593165
0.00166,992336.1804952888
0.00886,4993.3798526326345
0.007370000000000001,7540.962765682143
0.00117,7742216.981309991
0.00141,2423157.2638475085
0.0006500000000000001,636732014.1324215
0.0015600000000000002,1375381.7909012954
0.00206,359056.776752678
0.00193,479328.4325129379
0.00287,100441.73521462225
0.0015,1704370.4220550843
0.00135,3134186.0744847395
0.016440000000000003,1395.4682671450942
0.00177,720205.3928682383
0.00423,30417.19327528154
0.00277,113579.41242512417
0.00319,70710.10139493865
0.00543,15699.347636386825
0.00449,25811.913487401063
0.00542,15772.540983958308
0.00093,38993704.98164203
1e-05,7.612413597387136e+23
0.00207,351634.8237210438
0.00147,1908377.9584841924
0.00109,12495987.6815213
0.01834,1127.8936999483271
0.0029300000000000003,93607.44999731802
0.0020099999999999996,399681.78289709036
0.00215,299368.4008393975
0.0021000000000000003,330625.21404707956
0.0232,720.3983266939468
0.00191,502668.35491571657
4e-05,7.317382940993723e+18
0.0018000000000000002,663983.3646006288
0.00176,740394.1944618657
0.0015300000000000001,1528195.872375668
0.02009,946.6167499951039
0.00327,65328.92789186678
0.00268,127679.25908563448
0.00149,1769032.4047082153
0.00216,293623.22539805237
0.00202,391057.7582383192
0.00182,629805.1221326254
6e-05,2.494195469986964e+17
0.00398,36135.14150792948
0.0035299999999999997,51504.22199145787
0.01572,1523.9301081034473
0.00321,69304.5537005829
0.00173,805807.2311702654
0.01518,1632.988923540608
0.01251,2409.9735955326714
0.00234,212367.9557211687
0.00165,1023622.9491499674
0.01676,1343.780443499343
0.00102,19906519.961798333
0.00283,105414.2266337658
0.00167,962328.5197279541
0.02921,469.04151935559116
0.00076,183041641.22335735
0.00068,442944778.3884899
0.00221,267124.1486341952
0.00095,33322258.220199704
0.03106,418.94550409772097
0.00259,144493.06105701326
0.0032,70002.07644597563
0.0067599999999999995,9214.820360670086
0.004110000000000001,32976.06761736736
0.0022500000000000003,248312.83531317193
0.00127,4561891.308169075
0.0010600000000000002,15169403.571899977
0.019,1053.5422258435176
0.0056500000000000005,14212.67467200374
0.00286,101651.95384256153
0.0035499999999999998,50627.187249196606
0.0028,109384.96042991472
0.00157,1328982.2849062574
0.00174,783156.1614722774
0.002,408575.0161749983
0.0029500000000000004,91481.42688185976
0.0024900000000000005,167235.28238068748
0.00767,6885.194965059097
0.00366,46181.84976899252
0.0019399999999999999,468221.8217276713
0.0015400000000000001,1474857.965634828
0.0016,1201738.1759720345
0.01282,2292.6270803513335
0.011720000000000001,2755.711002486752
0.01017,3709.315132024516
0.00049,6404769043.760644
0.00122,5890127.829657005
0.02182,808.8793502046075
0.00218,282593.47448826634
0.00185,582929.8460803458
0.01026,3640.5997084356154
0.00252,159896.57445654774
0.0020499999999999997,366701.3564784787
0.0024300000000000003,183452.06485147504
0.013000000000000001,2228.5618119491724
0.012130000000000002,2567.206901024621
0.00217,288033.34567339456
0.0030099999999999997,85514.84371762243
0.00142,2325736.888972432
0.0054600000000000004,15482.875138380512
0.00495,19907.70839479513
0.00534,16377.466731968892
0.00246,175072.32391169656
0.0206,902.3680028220666
0.004030000000000001,34867.945252660036
0.00269,125989.78769425617
0.01331,2124.6363053026816
0.0026000000000000003,142470.4013114825
0.0016200000000000001,1125844.1261086303
0.00235,208843.31829812375
0.01562,1543.242935152083
0.00276,115030.11084234739
0.00222,262235.54726239736
0.00184,598003.4598843327
0.0136,2034.1568924975206
0.00229,231338.61776538778
0.00376,42631.1348534285
0.01038,3552.037138145526
0.00491,20334.66599206424
0.0027,124332.81738338506
0.0024700000000000004,172401.96350165017
0.00547,15411.73715362346
0.0156,1547.1518453181711
0.0074,7471.101751942771
0.00334,61106.25277218593
0.00196,447060.98763326486
0.008199999999999999,5924.644589591701
0.00244,180595.587023855
0.0023,227355.26118063714
0.00227,239610.82256643486
0.00223,257473.52868219683
0.01103,3126.1479743740347
0.01786,1187.3228835322918
0.0061200000000000004,11681.653151338869
0.00145,2062508.9525512424
0.01899,1054.6103531398915
0.0022,272143.64420260594
0.01101,3138.0328943679656
0.00168,933535.4367376685
0.008320000000000001,5736.125644273598
3e-05,8.044734671636696e+19
0.00189,527618.5012025944
0.00115,8683406.612397844
0.01271,2333.216913370592
0.00242,186374.26708329064
0.00337,59420.424923450184
0.00248,169790.16285218755
0.004370000000000001,27795.222408533686
0.00396,36661.61744435512
0.00256,150818.16189322027
0.024620000000000003,644.3630390909706
0.010920000000000001,3192.402741427407
0.00588,12878.40154838647
0.00384,40078.60945651797
0.00439,27448.88098516595
0.0033799999999999998,58873.91182963705
0.00316,72899.30172213777
0.011869999999999999,2684.294939567436
0.00412,32750.57181434677
0.0028799999999999997,99252.62204377407
0.0029900000000000005,87438.06690507026
0.00209,337426.6493339502
0.0020299999999999997,382692.7544759243
0.0017800000000000001,700762.9613414364
0.011859999999999999,2688.9650766698546
0.01535,1597.3613979689644
0.00332,62270.15545870004
0.00335,60536.453864556366
0.0027400000000000002,118014.21776222342
0.0044,27278.168507656676
0.00348,53799.20120433669
0.00368,45436.93226409916
0.00186,568376.161878933
0.012400000000000001,2453.8968582485663
0.01288,2270.9534501949443
0.00266,131159.0564459378
0.0019,514933.64360673
0.0024500000000000004,177802.9473916106
0.0182,1144.7328231902563
0.0045000000000000005,25656.444157570862
0.0137,2004.357782473772
0.01726,1268.8577980858527
0.00513,18146.494742960753
0.00275,116508.15529629357
0.00359,48939.081126542165
0.0035,52863.15005591423
0.00233,215978.7080529069
0.013949999999999999,1932.7971460659776
0.0038799999999999998,38887.980504514766
0.01007,3788.078727302269
0.01568,1531.6092282381248
0.01136,2939.8175115778627
0.0069500000000000004,8636.173973052462
0.004889999999999999,20553.424980675074
0.0058,13319.735054138073
0.0017,879356.7209956327
0.01482,1712.703654985578
0.00271,122707.5457436532
0.0025800000000000003,146557.80832855462
0.00272,121113.1882961229
0.01342,2089.583969728455
0.0034100000000000003,57278.74169229503
0.00231,223469.4944433591
0.01739,1250.4560089570678
0.006200000000000001,11320.644507923924
0.00574,13666.241513979581
0.03308,373.3126053347054
0.004240000000000001,30217.676670960274
0.028829999999999998,480.51070362802596
0.01335,2111.783604589215
0.00292,94697.91519818924
0.0032500000000000003,66615.49857943469
0.02571,594.2639331743586
0.01061,3391.4604759609138
0.00386,39476.515591086805
0.02177,812.4040235694579
0.005900000000000001,12771.591510425334
0.02454,648.3019662993888
0.0029100000000000003,95807.23087665252
0.0025099999999999996,162289.99511628918
0.0154,1587.1157083957664
0.013460000000000001,2077.0629829174686
0.00475,22190.882093930817
0.004,35620.024586988904
0.00762,6988.180196275415
0.00401,35366.62457161402
0.009779999999999999,4031.9361128907785
0.00158,1284648.0257649326
0.00264,134779.16593185265
0.0029,96935.82696525891
0.00195,457470.7281454002
0.01058,3411.7526750871225
0.00714,8112.034395545449
0.00329,64079.06957867957
0.004200000000000001,31027.900555210606
0.01529,1609.7946115458296
0.00219,277298.5316125698
0.02277,746.2552234175632
0.00641,10451.02822564993
0.01566,1535.471710420088
0.0034900000000000005,53328.09638575918
0.0033,63467.47950531793
0.00285,102883.77054821221
0.0027300000000000002,119548.98991329668
0.00361,48126.56631331325
0.0024100000000000002,189364.14870107005
0.017660000000000002,1213.5581719845115
0.003,86468.542951346
0.00873,5157.8683630094765
0.01822,1142.3029909944262
0.01269,2340.7183299638755
0.009470000000000001,4320.909235875623
0.0,1.6573879744711253e+82
0.00346,54760.32086333939
0.02604,580.3068464059016
0.01211,2575.9261540463003
0.0016899999999999999,905896.9825746926
0.01408,1897.1632723798423
0.02183,808.1773213562868
0.015519999999999999,1562.9447928043658
0.014,1918.9679839066723
0.00917,4632.6601158274825
0.00344,55747.40125077175
0.0037,44709.95720426688
0.03376,359.7071800420368
0.02897,476.2339344522215
0.0049299999999999995,20119.452780840675
0.0125,2413.9153323548344
0.00369,45071.23782877982
0.01166,2785.116500464443
0.004019999999999999,35115.9443123287
0.00525,17101.681560259472
0.00441,27109.067437144877
0.00357,49772.38637256402
0.00764,6946.700214929981
0.009640000000000001,4158.573084741109
0.0176,1221.6076906045498
0.00309,78416.42272391698
0.01647,1390.4902278824757
0.00381,41008.08730009905
0.018170000000000002,1148.3929207503963
0.00228,235422.7141397121
0.0029700000000000004,89425.9726658841
0.01543,1581.0179649102881
0.0025299999999999997,157554.04333656252
0.01084,3241.983091158895
0.0024,192423.72796782592
0.00828,5797.912850003936
0.011210000000000001,3022.289481923776
0.0148,1717.3113014811042
0.00317,72158.49890645668
0.01706,1298.015630191129
0.0129,2263.8004890306784
0.012140000000000001,2562.8646609524635
0.00377,42298.86362644297
0.00968,4121.762540313467
0.00304,82745.37650351162
0.00289,98084.14205929638
0.00261,140488.73246165103
0.00464,23621.775645632886
0.00912,4688.0323536549195
0.00753,7179.697778249016
0.01359,2037.175139184613
0.00298,88423.75902453666
0.00421,30822.27806704502
0.0032300000000000002,67940.20860695817
0.0038900000000000002,38598.67051951791
0.00296,90445.07072252575
0.00688,8842.626680488842
0.00509,18516.639992383803
0.01563,1541.2943203748362
0.02188,804.6816064456942
0.016309999999999998,1417.36840938104
0.01081,3260.887807374661
0.00254,155261.01653870114
0.004059999999999999,34139.660016595015
0.020210000000000002,935.9009573148084
0.00958,4214.761750411361
0.0034300000000000003,56250.96474452949
0.01524,1620.2726219052608
0.01473,1733.5929674294723
0.0030600000000000002,80972.2642400862
0.02459,645.8356799580032
0.00281,108037.30504681132
0.00236,205402.18471127597
0.00631,10851.740316549234
0.00976,4049.654657390333
0.0034500000000000004,55250.558578727825
0.01493,1687.7065194641102
0.012410000000000001,2449.8520023231144
0.011880000000000002,2679.6375364844207
0.0026200000000000004,138546.98653756804
0.00371,44353.02036375107
0.0025,164735.73733978183
0.00926,4535.533238937611
0.01932,1020.2449794071243
0.01088,3217.043081787946
0.01375,1989.7152456261767
0.00365,46561.21966995451
0.01495,1683.2234034611724
0.00541,15846.260416005
0.00237,202042.04035444095
0.017,1306.9697267007325
0.02423,663.9317713529189
0.01656,1375.723138365912
0.004860000000000001,20888.383471617482
0.01063,3378.037294231643
0.00382,40694.67785807844
0.0109,3204.6857389725933
0.00282,106713.9149179923
0.00278,112155.40742197554
0.02476,637.5605816653579
0.00935,4441.553876616767
0.019960000000000002,958.4462274340439
0.00999,3852.9934214232553
0.006019999999999999,12158.521754141986
0.004070000000000001,33902.01368569028
0.00422,30618.718098962836
0.00313,75190.8301044942
0.0158,1508.7529547917457
0.00728,7756.753723662216
0.00861,5317.342944462448
0.00429,29249.304826188218
0.00587,12932.324387062012
0.023370000000000002,710.5653725980134
0.01318,2167.2695417231403
0.00392,37749.99496941216
0.00315,73651.47070513137
0.01693,1317.5400775169314
0.009300000000000001,4493.384343983319
0.00827,5813.521919435912
0.00445,26448.37853665067
0.020149999999999998,941.2347236482545
0.00496,19803.11401723262
0.00428,29439.169130884726
0.01838,1123.1543733496972
0.0152,1628.7327178001965
0.01778,1197.7084392024599
0.01587,1495.6676681201352
0.01502,1667.679468788033
0.00484,21116.354126432587
0.00363,47334.16307124152
0.0047,22824.386967439677
0.00364,46945.298716450365
0.01132,2961.4613434937355
0.01497,1678.759041488629
0.00263,136644.13133273018
0.01456,1774.1629824133986
0.011380000000000001,2929.0885995722606
0.016100000000000003,1453.9103699325258
0.00379,41645.932386472996
0.01207,2593.504934751955
0.0037400000000000003,43307.59222901578
0.01681,1335.9776067837136
0.00352,51951.31557478044
0.01329,2131.1089000493994
0.01607,1459.2519329975655
0.004730000000000001,22441.019804365038
0.01625,1427.6597270352327
0.00414,32306.54037250156
0.0055,15201.314752612036
0.01526,1616.0685361814878
0.01343,2086.4426038911784
0.00927,4524.938218330595
0.00613,11635.561127543235
0.01575,1518.2105584501114
0.010039999999999999,3812.219548165133
0.010199999999999999,3686.1857567984666
0.009960000000000002,3877.786653397362
0.008660000000000001,5249.972018065166
0.0146,1764.4834059777002
0.00657,9855.892295968915
0.00642,10412.22053406341
0.01333,2118.1946070980794
0.011640000000000001,2795.0280019418433
0.0035099999999999997,52404.258075896374
0.016530000000000003,1380.617876402104
0.01874,1081.8803497910699
0.00333,61684.1038120233
0.0035600000000000002,50197.05414264122
0.01065,3364.6972522115257
0.01069,3338.2638053925084
0.00462,23897.05038811108
0.00477,21944.982187703867
0.00447,26127.192776485663
0.03214,393.511618650014
0.0165,1385.5401689283983
0.00284,104137.68840140027
0.0211,862.0824299488181
0.013880000000000002,1952.4233982354256
0.018760000000000002,1079.6579245458738
0.012920000000000001,2256.682918562917
0.018260000000000002,1137.467717360949
0.0169,1322.111616400172
0.00336,59974.558855923715
0.01209,2584.692051981051
0.00387,39180.5784587515
0.015550000000000001,1556.992754621074
0.012539999999999999,2398.2089303238818
0.00435,28148.259503010166
0.02117,856.6700365825399
0.02007,948.4215862691092
0.0174,1249.0579720064748
0.016399999999999998,1402.149551092843
0.00501,19292.55845837398
0.0030800000000000003,79254.90715697031
0.01139,2923.7471836786376
0.00257,148665.78287965732
0.00342,56761.37082837118
0.009210000000000001,4589.09497565537
0.00294,92535.42095130372
0.01106,3108.4526721354237
0.00367,45807.11154185114
0.00457,24607.054874544745
0.0092,4599.926017485816
0.03639,313.84121757694106
0.03571,324.77021737612984
0.03436,348.34480224628146
0.01772,1205.5921469932575
0.00662,9680.637975578114
0.0064,10490.06029989488
0.01218,2545.610638877979
0.012050000000000002,2602.365145171286
0.01239,2457.9522245342628
0.012240000000000001,2520.0699240469194
0.01208,2589.092598981516
0.0172,1277.4956311325586
0.0048200000000000005,21348.154405269426
0.00438,27621.22534462133
0.012119999999999999,2571.560718044038
0.011710000000000002,2760.577928753325
0.00929,4503.863959476515
0.01199,2629.2332173484733
0.00675,9246.929230468202
0.00318,71428.83849861889
0.00405,34379.840003276404
0.01091,3198.534986483611
0.0036000000000000003,48530.26803084657
0.00311,76778.48085828808
0.00443,26775.619159396123
0.00466,23351.314106478254
0.01145,2892.0175132445406
0.0096,4195.900837858572
0.0032400000000000003,67272.99380397695
0.01507,1656.7147784828578
0.01657,1374.097645878591
0.01193,2656.539887501776
0.0038,41325.15285565632
0.01284,2285.366502827729
0.01592,1486.430335355347
0.024390000000000002,655.7910996379563
0.01803,1165.7204976723513
0.01418,1870.451696971533
0.02208,790.9353810693353
0.01586,1497.5260049384676
0.019280000000000002,1024.3154447488575
0.01094,3180.193459478108
0.00408,33666.865713619794
0.00951,4281.8309661115145
0.01332,2121.4116087502257
0.00354,51062.87820781058
0.00404,34622.58956642319
0.01102,3132.081602224468
0.00553,14995.282115967035
0.00526,17018.807641906784
0.01306,2207.8311308266534
0.01759,1222.9574782967477
0.02134,843.7473694410255
0.015090000000000001,1652.3607063497775
0.00597,12408.32479788331
0.0058200000000000005,13207.238196865846
0.00655,9927.37379052377
0.00614,11589.749607698319
0.01544,1578.9935938857313
0.014320000000000001,1834.0392021439552
0.012220000000000002,2528.538540366616
0.01235,2474.2795613416324
0.013810000000000001,1972.3654466840705
0.01411,1889.0870052503892
0.01936,1016.2000393978186
0.0030499999999999998,81851.70462241693
0.01716,1283.3059131295336
0.00796,6331.917829983871
0.02122,852.836900045708
0.014750000000000001,1728.9163089072313
0.00391,38029.72571806679
0.00785,6533.346475820423
0.0040999999999999995,33203.92644505059
0.007200000000000001,7956.737188900307
0.01299,2232.046703959889
0.010480000000000001,3480.787060091747
0.00876,5119.165772863499
0.013970000000000002,1927.2466974728766
0.01878,1077.4427096062795
0.01382,1969.4969869942809
0.01129,2977.8588941774797
0.013640000000000001,2022.1540475148074
0.005070000000000001,18706.072915917506
0.01959,993.4262019301225
0.013900000000000001,1946.7839728763227
0.0127,2336.9628864428237
0.02094,874.658845844113
0.016579999999999998,1372.4751839549583
0.01426,1849.5065617388677
0.012060000000000001,2597.9291023284545
0.01077,3286.364401351975
0.01829,1133.862458251287
0.00393,37473.36365795753
0.019289999999999998,1023.2954233785908
0.01898,1055.6801939170007
0.01611,1452.1367048694476
0.01833,1129.0834721736921
0.00453,25198.505358317776
0.010140000000000001,3732.6727427617807
0.01173,2750.8574923157735
0.00771,6804.497476122594
0.02422,664.4458754543549
0.00375,42967.356822076035
0.00419,31235.61340090085
0.02048,912.4806521455591
0.0181,1157.0054401373784
0.010310000000000001,3603.282561026549
0.01737,1253.2595104416764
0.019620000000000002,990.5152836924921
0.01157,2830.1583087330073
0.011890000000000001,2674.9928199567426
0.02431,659.841537010835
0.00756,7114.960457998424
0.01887,1067.5626173969438
0.011800000000000001,2717.255977166926
0.01915,1037.7234210477957
0.02231,775.5816049011132
0.01629,1420.785800132613
0.011970000000000001,2638.2862301865775
0.01165,2790.06533729179
0.00385,39775.84171627582
0.0052699999999999995,16936.549093032987
0.0149,1694.466583526114
0.01652,1382.2555686572875
0.01399,1921.7213194191556
0.011519999999999999,2855.677976714229
0.0077,6824.533276812618
0.01988,965.8426069033163
0.0068200000000000005,9025.748123989239
0.019710000000000002,981.8630111724224
0.014410000000000001,1811.2174459281605
0.014150000000000001,1878.4026293257841
0.01747,1239.3404810556424
0.00415,32087.941564756256
0.0151,1650.1904341946292
0.00845,5542.25275182605
0.014490000000000001,1791.3048969469173
0.00899,4836.942596960717
0.006730000000000001,9311.669852291314
0.008310000000000001,5751.4758169300285
0.01804,1164.469148546278
0.01348,2070.846733063831
0.01082,3254.5670604345014
0.01168,2775.260104953692
0.00322,68617.33050226896
0.022949999999999998,735.255267595244
0.0030299999999999997,83653.58207572335
0.00394,37199.78648386531
0.01744,1243.4904429130677
0.00523,17269.30028081134
0.00436,27970.89330129192
0.012660000000000001,2352.0418099321346
0.01033,3588.523343860903
0.01923,1029.4397575101682
0.01045,3501.9250982276426
0.00532,16534.275924637182
0.00882,5043.108623294316
0.01162,2804.9950289779676
0.00454,25048.62564985912
0.01776,1200.327267115435
0.013560000000000001,2046.2723232024782
0.0143,1839.1722653210918
0.01831,1131.468976661252
0.00654,9963.416185626718
0.01059,3404.9675014859417
0.01273,2325.753249289365
0.012039999999999999,2606.813105909265
0.01024,3655.6964212554053
0.01253,2402.120429913384
0.01948,1004.2162048104724
0.01301,2225.085475677183
0.0037300000000000002,43651.90498560051
0.00331,62864.56168407598
0.019850000000000003,968.6395551045827
0.01302,2221.6176667434534
0.01234,2478.3880512523915
0.01818,1147.170835352395
0.009630000000000001,4167.856155824412
0.00661,9715.300493287163
0.0237,692.0746502859058
0.00679,9119.524181734225
0.01161,2809.9994993625014
0.02068,895.7244083803373
0.016550000000000002,1377.3516690339102
0.00481,21465.51753309121
0.01984,969.5747196989655
0.00979,4023.122320388546
0.00328,64699.50278579368
0.00314,74415.23591486736
0.016829999999999998,1332.8764885952726
0.01098,3155.993660937707
0.0067800000000000004,9151.119117195167
0.00463,23758.80417943483
0.014070000000000001,1899.867456251316
0.01569,1529.6837330576516
0.017140000000000002,1286.2267222099224
0.012150000000000001,2558.5339564517135
0.00471,22695.493195761854
0.006690000000000001,9443.277926192579
0.01537,1593.25063587078
0.022180000000000002,784.2012003108609
0.01117,3044.8963112108418
0.0039,38312.60167502857
0.016350000000000003,1410.5724364057
0.00451,25502.397707067856
0.00901,4813.555942862588
0.0107,3331.706358342412
0.00504,18995.845695630196
0.020059999999999998,949.3260471747484
0.00664,9611.885380036132
0.0083,5766.890166069645
0.012199999999999999,2537.0520126329006
0.0036200000000000004,47727.892541112786
0.00859,5344.669949126771
0.008289999999999999,5782.369055047143
0.01233,2482.507279079693
0.01921,1031.5008437526421
0.013859999999999999,1958.0886017131606
0.01067,3351.439655828209
0.01019,3693.870373316862
0.01126,2994.399455878416
0.011,3144.001953306852
0.007110000000000001,8191.455848750617
0.01488,1698.997045925829
0.01727,1267.4271306480875
0.00897,4860.507329102336
0.02522,615.9926867820828
0.00584,13096.200420501367
0.005370000000000001,16146.503773273591
0.01028,3625.6004807257295
0.01268,2344.4832763488835
0.00426,29824.562595794432
0.0039900000000000005,35876.18359005184
0.01153,2850.5452237490344
0.01276,2314.6279744914364
0.01246,2429.7841338782273
0.01046,3494.8567745289274
0.00505,18898.49446135135
0.0086,5330.97910860815
0.006900000000000001,8782.865083931982
0.01315,2177.2993222742243
0.0077599999999999995,6705.6787452430035
0.005940000000000001,12562.031692953635
0.02236,772.3062714586177
0.01123,3011.084724488081
0.017079999999999998,1295.052449141317
0.01762,1218.9151672074945
0.00752,7201.480707619403
0.01973,979.9565183904167
0.027620000000000002,520.1614197030335
0.0166,1369.239321153759
0.00483,21231.770224602533
0.01444,1803.70953852768
0.01216,2554.214745445601
0.014310000000000002,1836.602907357016
0.014240000000000001,1854.708069585682
0.017920000000000002,1179.6267907408042
0.01052,3452.912711500494
0.00782,6590.016514642596
0.02322,719.2303528292143
0.018420000000000002,1118.4464518472719
0.028640000000000002,486.41313396016665
0.02413,669.1013464783771
0.00458,24462.500621249645
0.00395,36929.21897004302
0.009880000000000002,3945.1375509617556
0.014920000000000001,1689.9551416325062
0.01439,1816.2501230435955
0.0131,2194.1787732376433
0.01599,1473.64853013511
0.01351,2061.577134416454
0.01226,2511.645769131007
0.00591,12718.698397569719
0.00795,6349.827125076901
0.00512,18237.959711226653
0.00558,14661.320314405097
0.01376,1986.8069566662625
0.01279,2303.58620154562
0.01285,2281.749772625158
0.0063,10893.11524823994
0.029660000000000002,456.0120288046041
0.00893,4908.178399782025
0.0072900000000000005,7732.3059288985205
0.0214,839.2599848540507
0.01287,2274.543276661164
0.0044800000000000005,25968.82399558689
0.011090000000000001,3090.914046095558
0.00916,4643.652475183204
0.014050000000000002,1905.2940779930839
0.014029999999999999,1910.745161961605
0.00468,23085.554048085294
0.01344,2083.3086636206813
0.0041600000000000005,31871.57947199025
0.01675,1345.3496473229993
0.010830000000000001,3248.265515429426
0.01053,3445.9988006038698
0.00934,4451.844903230384
0.01201,2620.2289357151494
0.008150000000000001,6006.059908311075
0.0074600000000000005,7334.36446581893
0.00713,8138.374807332635
0.019129999999999998,1039.810814560716
0.014039999999999999,1908.0165528095529
0.01244,2437.7801490509087
0.01297,2239.042268087665
0.01589,1491.9618922644015
0.01469,1743.006329116002
0.01557,1553.0445718324704
0.01801,1168.229580776001
0.02782,513.2568035052706
0.01765,1214.8939281990736
0.01573,1522.0198038940896
0.01464,1754.8868216239466
0.00984,3979.5025539557246
0.00943,4360.548456554847
0.01154,2845.4269190922505
0.00608,11868.872875349502
0.01701,1305.470614188354
0.01697,1311.4834160403364
0.01617,1441.5660747237814
0.02029,928.8633236710091
0.010060000000000001,3796.0989926131115
0.00372,44000.35818536532
0.0033900000000000002,58334.882518610466
0.02343,707.1456109879297
0.018949999999999998,1058.9000352406947
0.01686,1328.2460839473706
0.010369999999999999,3559.2877193845143
0.00766,6905.602207917899
0.016149999999999998,1445.0760833350287
0.006500000000000001,10109.632358526545
0.00545,15554.519642208641
0.01064,3371.3569244806768
0.0105,3466.8059576420924
0.008369999999999999,5660.324845295918
0.00932,4472.539191220618
0.00877,5106.365644137696
0.01666,1359.6036712317189
0.02084,882.6672627371701
0.00383,40384.87021881108
0.005059999999999999,18801.906192480164
0.010490000000000001,3473.785479788299
0.00446,26287.038163641442
0.00444,26611.232549839842
0.006030000000000001,12109.493498065973
0.023,732.2452694827509
0.0209,877.8483569987285
0.01912,1040.8570026050156
0.012740000000000001,2322.035493173618
0.01443,1806.2067168544424
0.02149,832.5994024070982
0.018850000000000002,1069.7457784583132
0.020710000000000003,893.253000066161
0.0145,1788.8401051300461
0.00736,7564.475621643555
0.01308,2200.988291226229
0.01752,1232.4723344736421
0.02118,855.9012299101747
0.01327,2137.6125899520603
0.02088,879.4500222791304
0.00777,6686.183182051311
0.00413,32527.40640766077
0.01062,3384.7384496156146
0.00919,4610.797087768137
0.01594,1482.7605901325371
0.01623,1431.1164003010042
0.014539999999999999,1779.0341967211525
0.016210000000000002,1434.5863015918596
0.02195,799.8276815196747
0.013720000000000001,1998.480462749376
0.00869,5210.187011849322
0.01353,2055.433647347793
0.011960000000000002,2642.83112273413
0.018920000000000003,1062.1354340585322
0.01341,2092.7328140814125
0.013689999999999999,2007.3066571382408
0.0067,9410.10665005268
0.007940000000000001,6367.815355377869
0.008740000000000001,5144.916862668829
0.0069900000000000006,8521.540472997824
0.00838,5645.352304144865
0.010119999999999999,3748.3727890421465
0.016800000000000002,1337.5324404011901
0.01484,1708.11547122756
0.0116,2815.0180021782107
0.00928,4514.3818585611425
0.00685,8933.459453056557
0.00991,3919.667777100298
0.010660000000000001,3358.058190109415
0.015460000000000002,1574.9570994562293
0.0050999999999999995,18423.024933995643
0.00479,21703.224854633332
0.019510000000000003,1001.2551582032843
0.01828,1135.0622017137625
0.024730000000000002,639.0086377697064
0.01011,3756.261650408495
0.00578,13433.716824524723
0.00434,28327.342817474935
0.00485,21001.895398067623
0.01047,3487.8107928499735
0.00974,4067.4954151863058
0.01695,1314.5062367950059
0.01127,2988.8699406152673
0.00551,15132.15557781958
0.01918,1034.604733549103
0.01663,1364.4080648100025
0.01618,1439.8161136852812
0.0048,21583.87062579703
0.00535,16299.917790191612
0.00577,13491.272811230861
0.0060999999999999995,11774.688097693916
0.01564,1539.3495848832374
0.020829999999999998,883.474484225347
0.01939,1013.1829543486223
0.01281,2296.2709891136883
0.00425,30020.141785799166
0.018600000000000002,1097.6419260246894
0.01467,1747.743267068749
0.01425,1852.1044379793243
0.02234,773.6137712080646
0.016190000000000003,1438.0695036429345
0.01256,2390.41592424647
0.00615,11544.216301250432
0.02187,805.3788315515801
0.0054800000000000005,15341.100903923421
0.00432,28690.749892167813
0.01591,1488.2705862289367
0.0064600000000000005,10259.199209910239
0.00945,4340.658048049584
0.01409,1894.4651481692893
0.01128,2983.356441299263
0.01122,3016.678935806803
0.00456,24752.916560534664
0.0101,3764.176560664082
0.01056,3425.386806821965
0.01428,1844.3280061199948
0.00492,20226.620936854728
0.00902,4801.928865844102
0.0132,2160.6233652445812
0.01848,1111.4428356752737
0.02213,787.5568913066837
0.012029999999999999,2611.2730292374463
0.00417,31657.423831932792
0.01579,1510.6370245760622
0.0056,14530.934154083649
0.00467,23217.85326310059
0.01771,1206.9140697579844
0.016960000000000003,1312.9934524596943
0.006370000000000001,10608.520379058176
0.00853,5427.97996744635
0.0106,3398.2034646948473
0.00843,5571.408063757306
0.01119,3033.5598357027175
0.00409,33434.18129670101
0.0097,4103.5481925836675
0.00817,5973.285601205669
0.00953,4262.4988353905965
0.00864,5276.759576597462
0.01118,3039.2197752597335
0.01143,2902.5337334457304
0.009949999999999999,3886.106631521306
0.00531,16613.547762471386
0.00497,19699.359203632146
0.01134,2950.6082643792747
0.01112,3073.5302497088956
0.00994,3894.4546050115478
0.01304,2214.7075145958315
0.011460000000000001,2886.781825679597
0.00691,8753.219009121523
0.016870000000000003,1326.708258864608
0.01305,2211.265115874347
0.00936,4431.300007295097
0.008119999999999999,6055.749644244635
0.00862,5303.761161463223
0.02069,894.8994043733124
0.01609,1455.687456984148
0.02221,782.1986418417116
0.00658,9820.450170820488
0.016739999999999998,1346.9217469564733
0.00442,26941.557641687254
0.011300000000000001,2972.377237018603
0.012830000000000001,2288.9922618576798
0.00663,9646.166740404109
0.00768,6864.881454422612
0.01446,1798.7314819443607
0.01289,2267.372530849677
0.010539999999999999,3439.1065404784867
0.014130000000000002,1883.732880846495
0.00562,14402.325396759361
0.01794,1177.0789348013648
0.012580000000000001,2382.6626770581893
0.01532,1603.5589884246529
0.01447,1796.2505695967625
0.0059299999999999995,12613.921414559833
0.02964,456.5788591943131
0.011810000000000001,2712.508434864979
0.01111,3079.307760467738
0.01487,1701.2694442024476
0.00644,10335.27138797703
0.00472,22567.70832399916
0.015710000000000002,1525.8441832930787
0.012490000000000001,2417.867218850495
0.01512,1645.8633544319923
0.01604,1464.6245377150394
0.010150000000000001,3724.8613250495932
0.01354,2052.3727079778987
0.01078,3279.966051208173
0.00621,11276.733715553108
0.00645,10297.126521229284
0.01868,1088.5912078133185
0.01182,2707.7739136624823
0.018510000000000002,1107.9669919399482
0.01291,2260.237294808468
0.012320000000000001,2486.637283310144
0.02152,830.3977920468886
0.01393,1938.3728206748835
0.011689999999999999,2770.3524424852058
0.03772,294.0850269559703
0.01124,3005.506783570882
0.014480000000000002,1793.7750465768781
0.00378,41970.48316344021
0.019530000000000002,999.2887931930537
0.01889,1065.3864932597653
0.01471,1738.2896019799293
0.0091,4710.471465287642
0.01703,1302.480524915596
0.018090000000000002,1158.244131780531
0.01225,2515.8522922898446
0.00846,5527.764369040998
0.00623,11189.698519085567
0.005,19393.043363941826
0.00488,20664.158490595946
0.01336,2108.589552001374
0.01463,1757.2782402623084
0.00836,5675.359550360139
0.0047599999999999995,22067.408461558793
0.020030000000000003,952.0476341806951
0.01319,2163.942437162306
0.00718,8007.9858851566305
0.00825,5844.937373210908
0.024350000000000004,657.8113768803033
0.01982,971.4493395584054
0.00871,5183.92460439962
0.0159,1490.1144354045155
0.01421,1862.5536696629629
0.008230000000000001,5876.618400324466
0.0059900000000000005,12307.460725967136
0.00544,15626.675508583368
0.00894,4896.192345833143
0.00566,14150.311997106179
0.01076,3292.7823541180614
0.01191,2665.741260274928
0.01462,1759.674800583829
0.01946,1006.1979389920797
0.02512,620.5819622413029
0.008570000000000001,5372.2168555982025
0.00818,5957.0029948027095
0.01068,3344.8415533563775
0.014369999999999999,1821.3048729188883
0.01728,1265.9990099165316
0.01383,1966.6351121630682
0.029930000000000002,448.4678584726922
0.005019999999999999,19192.86945940644
0.02162,823.1252667133718
0.01156,2835.2335161281626
0.02661,557.3924127883027
0.02388,682.3080643104835
0.00514,18055.731794182127
0.0135,2064.6597282344146
0.02682,549.3101992498404
0.01836,1125.5200931534077
0.008,6261.062133034328
0.00683,8994.821546049927
0.01349,2067.749586994246
0.0077800000000000005,6666.775741455399
0.00889,4956.584147197347
0.01087,3223.2497705414266
0.01137,2934.445355641151
0.014580000000000001,1769.3127594552832
0.02289,738.8932179321125
0.02063,899.867543126686
0.005860000000000001,12986.596448238335
0.01724,1271.72679778155
0.01494,1685.4626115755318
0.020460000000000002,914.1835279458189
0.012,2624.72500747206
0.01259,2378.800876952078
0.009130000000000001,4676.87540487925
0.01042,3523.2650978230977
0.01558,1551.0764005974695
0.01749,1236.5859830328786
0.00632,10810.607944447474
0.009869999999999999,3953.6851117195833
0.00842,5586.075545155871
0.00993,3902.8307020509387
0.01417,1873.0961056632848
0.01041,3530.4237648848134
0.01374,1992.6302458881244
0.01523,1622.3811367929895
0.01358,2040.2004449198516
0.01303,2218.1583557853583
0.01016,3717.075492824686
0.02054,907.4020320017745
0.02499,626.6295491905539
0.0173,1263.1491205129294
0.02185,806.776154946572
0.01907,1046.1130009134245
0.011130000000000001,3067.7697369813686
0.016460000000000002,1392.1464547217859
0.01394,1935.5818203975139
0.00856,5386.073510146202
0.007240000000000001,7855.756474282243
0.01551,1564.9367859999907
0.01295,2246.072396664832
0.01242,2445.8176265699053
0.01135,2945.205156785541
0.010029999999999999,3820.3200823384072
0.01805,1163.2199212175174
0.020399999999999998,919.3224448808322
0.006860000000000001,8903.021637214393
0.011779999999999999,2726.790320898978
0.025160000000000002,618.7397676227996
0.01516,1637.2626989874975
0.00518,17699.55788642336
0.0046,24177.252391953603
0.009980000000000001,3861.2301753126903
0.01115,3056.299433325789
0.020800000000000003,885.903172695086
0.01035,3573.8586697861624
0.004690000000000001,22954.403143397332
0.00717,8033.802810722884
0.0076500000000000005,6926.103760000135
0.00605,12012.348672872757
0.01966,986.6549983662078
0.00572,13784.83875085997
0.02252,761.9710916603774
0.02305,729.254747148791
0.00554,14927.558895675991
0.01751,1233.8411451684192
0.013730000000000001,1995.5519785350846
0.02348,704.3156869064175
0.01715,1284.7650058645302
0.008140000000000001,6022.552298025791
0.01593,1484.5936732418609
0.00715,8085.826192718699
0.00826,5829.196634727585
0.016,1471.8367235930016
0.01097,3162.016449787458
0.01816,1149.6170653217255
0.0054,15920.511629975863
0.01461,1762.07651728725
0.028149999999999998,502.17771566478945
0.00982,3996.8611763941913
0.01036,3566.561529865306
0.01307,2204.4055101921667
0.00992,3911.2350450315394
0.00585,13041.22076662419
0.02206,792.2932080899086
0.0155,1566.9327874511869
0.01734,1257.4834209310288
0.01008,3780.0849799596444
0.00538,16070.627683082424
0.02472,639.4924820085918
0.00791,6422.259276344624
0.01445,1801.2177995872632
0.019100000000000002,1042.954379402915
0.01797,1173.27342439288
0.02536,609.6575198019575
0.005980000000000001,12357.733842640742
0.02274,748.1138889465423
0.016640000000000002,1362.8036256233072
0.01548,1570.9368587120173
0.01183,2703.052365548473
0.020120000000000002,943.9196671658786
0.007730000000000001,6764.699597010425
0.01789,1183.464950293329
0.02384,684.4594605536805
0.02042,917.6044043087676
0.01317,2170.6047059999155
0.01442,1808.709345641542
0.0042699999999999995,29630.91344149097
0.01345,2080.1821333993407
0.0224,769.7017503509389
0.02339,709.422545655157
0.00772,6784.553098142517
0.0134,2095.8890927472394
0.00977,4040.7801767751066
0.0187,1086.3469591059747
0.02082,884.2828748456343
0.01089,3210.8550647683974
0.01584,1501.2536321012299
0.01228,2503.2658317130836
0.0099,3928.129016327706
0.02605,579.8920418435858
0.00847,5513.334956653075
0.02002,952.9575741185221
0.01402,1913.479924116906
0.00692,8723.727945359838
0.00887,4981.067329848196
0.01159,2820.0506066499684
0.00937,4421.083126284803
0.019350000000000003,1017.2088933053095
0.008490000000000001,5484.6519145507955
0.007330000000000001,7635.702624001876
0.02169,818.094313044272
0.00808,6123.006263962929
0.005240000000000001,17185.177022865068
0.015130000000000001,1643.7065211389597
0.014140000000000002,1881.0647614943841
0.009519999999999999,4272.147788366607
0.01247,2425.801584316988
0.01881,1074.133336402052
0.01419,1867.8131665210253
0.00954,4252.883940329652
0.00568,14026.84486408824
0.0095,4291.548533420047
0.00519,17612.199081246254
0.01435,1826.3818320668477
0.013380000000000001,2102.2242212613237
0.015880000000000002,1493.8129666453046
0.01824,1139.8813013298943
0.00819,5940.789432562088
0.02128,848.2728598398379
0.0034700000000000004,54276.57255667797
0.00461,24036.528006562516
0.00732,7659.6768283003
0.006240000000000001,11146.56991609717
0.03756,296.3555921003003
0.0202,936.7865920396549
0.005730000000000001,13725.342584042288
0.00557,14727.190521350753
0.008539999999999999,5413.954764943288
0.02504,624.2925414939182
0.010960000000000001,3168.0572987393757
0.00781,6609.076801349819
0.01499,1674.313321993967
0.013779999999999999,1981.0104279386667
0.019739999999999997,979.0054670025728
0.005110000000000001,18330.13397889932
0.020550000000000002,906.5599450034271
0.00922,4578.303759116964
0.02113,859.7562228266158
0.01672,1350.0746628679244
0.019989999999999997,955.6956665757172
0.00709,8245.076609695532
0.00638,10568.804602363552
0.01114,3062.026153873625
0.00888,4968.802173087838
0.0063300000000000006,10769.716527290644
0.01738,1251.8565198625051
0.01515,1639.4062060268616
0.014830000000000001,1710.4071370215024
0.01362,2028.1414860591308
0.01433,1831.4811322578967
0.02963,456.8626939193489
0.01808,1159.4849210177374
0.00555,14860.305450181871
0.0043,29061.29613352108
0.014570000000000001,1771.7352544527523
0.00973,4076.4619857974467
0.01252,2406.0419727731582
0.01086,3229.475295793689
0.00563,14338.677481603205
0.004940000000000001,20013.15151851985
0.01911,1041.9048563488084
0.00643,10373.63549342344
0.01711,1290.6276690555069
0.01179,2722.0165894762918
0.01668,1356.415565881308
0.02135,842.9968376368469
0.02917,470.22823536047866
0.008960000000000001,4872.357045895211
0.02159,825.2964020381168
0.01476,1726.585434378999
0.02091,877.0492543873694
0.00452,25349.757119551967
0.01783,1191.200730699779
0.015380000000000001,1591.2015093448986
0.014119999999999999,1886.4069481023982
0.01202,2615.744957417859
0.008480000000000001,5498.964244151726
0.01034,3581.179239818925
0.01514,1641.5541426796667
0.01385,1960.9309203454156
0.01725,1270.2910183255924
0.0057599999999999995,13549.209937704178
0.019379999999999998,1014.1870732446519
0.00833,5720.839283958316
0.01267,2348.2577586039065
0.02375,689.339593954843
0.00835,5690.456594757727
0.01324,2147.4268850371145
0.01316,2173.9479567586336
0.01167,2780.1814403628973
0.01541,1585.0790109072236
0.00867,5236.657788998883
0.00789,6458.95924876681
0.01243,2441.7936866359782
0.01595,1480.93107657836
0.01832,1130.275229508099
0.01796,1174.539765470003
0.013800000000000002,1975.2404932587983
0.013519999999999999,2058.501781786613
0.0188,1075.2346727861263
0.01914,1038.7662886119247
0.01613,1448.5996044777487
0.006110000000000001,11728.027991965966
0.01654,1378.9832457559708
0.02137,841.498941353974
0.01902,1051.411096927566
0.02174,814.5305165814933
0.01221,2532.7896775345166
0.0111,3085.1023364608955
0.013960000000000002,1930.0187764325026
0.01504,1663.2798979314164
0.01055,3432.2359403241016
0.01721,1276.049552920322
0.01533,1601.4889163647072
0.02831,496.94201187441655
0.009460000000000001,4330.766026877489
0.01858,1099.9232017068805
0.00705,8353.967087281022
0.02205,792.9735064494367
0.01774,1202.9551554372156
0.01151,2860.8253175550235
0.01142,2907.8143818937997
0.010400000000000001,3537.605260024951
0.01453,1781.4777174609935
0.005200000000000001,17525.50053416285
0.00604,12060.769983784672
0.0185,1109.1236947956554
0.00925,4546.16710823034
0.01072,3318.6518300545977
0.013980000000000001,1924.480884193292
0.016280000000000003,1422.499375967799
0.0141,1891.7730654952811
0.017480000000000002,1237.962021649205
0.0073,7707.977711734184
0.00983,3988.167078616354
0.01217,2549.9069866449536
0.01534,1599.4230568524106
0.009710000000000002,4094.488228951095
0.02144,836.2893489096656
0.01964,988.5821602401263
0.01823,1141.0911306174514
0.00956,4233.755695164182
0.00579,13376.53869016143
0.01366,2016.194400695041
0.00881,5055.661742935862
0.016059999999999998,1461.0393402059099
0.02636,567.2626766644042
0.01379,1978.1221469802654
0.0117,2765.458400708126
0.017320000000000002,1260.3118702529403
0.00671,9377.115852963723
0.00536,16222.931950991624
0.00609,11821.635479570767
0.01632,1415.6645774487165
0.02119,855.1335149347816
0.0089,4944.412996743917
0.02391,680.7015411755808
0.01455,1776.5959585422563
0.01712,1289.1580472211856
0.02214,786.8839359928003
0.015210000000000001,1626.6111724593784
0.00891,4932.288481490756
0.00747,7311.953568917013
0.014060000000000001,1902.577718711055
0.017570000000000002,1225.6641334280139
0.00821,5908.568060672697
0.01807,1160.7278123841431
0.00957,4224.242015123887
0.005889999999999999,12824.824920480161
0.012289999999999999,2499.0923378828466
0.01651,1383.8963301791348
0.017750000000000002,1201.6400760554407
0.016300000000000002,1419.075480675545
0.02025,932.3716330761388
0.0123,2494.9297737419447
0.00625,11103.697878027646
0.00793,6385.883162029998
0.00885,5005.740043275369
0.013300000000000001,2127.868727938256
0.014660000000000001,1750.1193507459877
0.019920000000000004,962.133171976064
0.00907,4744.446352108906
0.0053,16693.405064288512
0.0071200000000000005,8164.848331862644
0.0114,2918.4210483555
0.006059999999999999,11964.227018149248
0.0103,3610.6978877985703
0.01536,1595.303928129822
0.01718,1280.3955653587632
0.010750000000000001,3299.219991079316
0.00839,5630.441357007783
0.00754,7158.017186605417
0.0115,2865.987218708597
0.030670000000000003,428.7767424766574
0.00858,5358.415763766233
0.02282,743.1736606297432
0.01581,1506.8725906301129
0.00759,7051.126909030629
0.01177,2731.5772226618074
0.014740000000000001,1731.2521483457783
0.02241,769.0527926332823
0.027100000000000003,538.8196590658844
0.01185,2693.6479947095204
0.009689999999999999,4112.63958077
0.01093,3186.2889252166497
0.03608,318.7498945360799
0.02043,916.7472882531705
0.00788,6477.431907523325
0.01855,1103.3591980494662
0.020370000000000003,921.9090695726434
0.010220000000000002,3670.8914804475335
0.011470000000000001,2881.561009458592
0.00852,5442.061973658931
0.022690000000000002,751.2280048680897
0.0108,3267.2278353140964
0.01852,1106.812195066975
0.00647,10221.487789571816
0.030600000000000002,430.58009257151315
0.01806,1161.9728108221072
0.01508,1654.53548356163
0.02126,849.7899011496719
0.01793,1178.3517745054678
0.02171,816.6658371143942
0.0066,9750.155745993427
0.00961,4186.519874273637
0.01684,1331.3301923714737
0.02644,564.0742261868697
0.01326,2140.8761634062926
0.02154,828.935168252922
0.01849,1110.2823079421837
0.01255,2394.307440413974
0.020980000000000002,871.487631305387
0.009380000000000001,4410.903046172426
0.00966,4140.103770752605
0.02116,857.4399370834719
0.01602,1468.2236410127653
0.00431,28875.11903403299
0.01995,959.365865327861
0.02181,809.5823452382938
0.019469999999999998,1005.2062993738699
0.013130000000000001,2184.0264932652076
0.02961,457.4312043316931
0.014289999999999999,1841.7472923275238
0.0126,2374.948913768056
0.01265,2355.8354620861896
0.00539,15995.298838633029
0.00575,13607.531653545611
0.01192,2661.13432348718
0.01436,1823.8405680678823
0.00892,4920.210360776777
0.02414,668.5815228736552
0.00649,10146.706038706872
0.01837,1124.3362497148307
0.02004,951.1390683047376
0.00681,9056.83997787475
0.01736,1254.6649992079347
0.01174,2746.0174223568947
0.01131,2966.9114078065445
0.00517,17787.583688875624
0.005030000000000001,19093.967792678228
0.02057,904.8794769979772
0.01636,1408.8814796895815
0.02603,580.7221217527556
0.023629999999999998,695.9327201926153
0.01294,2249.600500049728
0.01175,2741.19072086461
0.0235,703.1887389430391
0.01039,3544.809685974048
0.007980000000000001,6296.334655002254
0.01105,3114.3336085424116
0.01264,2359.638749146506
0.01071,3325.169028477543
0.01334,2114.9852812281733
0.02138,840.7515727777794
0.01857,1101.0666519117776
0.02674,552.3670858819152
0.02758,521.5600295079475
0.00455,24900.10147472541
0.00906,4755.856502040649
0.013869999999999999,1955.252767982092
0.010230000000000001,3663.2816042289537
0.01811,1155.7688408773204
0.01286,2278.1420407503856
0.01717,1281.8494338972137
0.01219,2541.3256635100875
0.00743,7402.242143952418
0.007690000000000001,6844.661076075352
0.01477,1724.2595106619992
0.019559999999999998,996.3506760115378
0.02151,831.1306369385904
0.01641,1400.4745037413138
0.009000000000000001,4825.22711951558
0.028120000000000003,503.1691550246913
0.01692,1319.0611453511185
0.01519,1630.8586306150019
0.02163,822.4035641581073
0.00487,20775.807724644645
0.00677,9182.884166821603
0.0189,1064.3010605100876
0.02197,798.449358997791
0.02546,605.1954038380142
0.01141,2913.1101341421695
0.02224,780.2041705478417
0.02393,679.6338533621164
0.00783,6571.041714768651
0.013090000000000001,2197.579380783101
0.02293,736.4647588337816
0.00635,10688.64817783101
0.0128,2299.9240189957522
0.02913,471.41972396653614
0.01763,1217.5724202719814
0.01227,2507.4502958645385
0.020960000000000003,873.0709637397598
0.01044,3509.0158622592653
0.006980000000000001,8549.976441222809
0.024079999999999997,671.710099686493
0.02302,731.0467331423911
0.01545,1576.973309184794
0.012480000000000002,2421.8292908957214
0.01845,1114.935949947781
0.01755,1228.3802660839563
0.02587,587.4311511118927
0.010289999999999999,3618.13715820653
0.02563,597.7277091861193
0.00914,4665.759915718139
0.00738,7517.563303097911
0.02729,531.8808684628578
0.00595,12510.47102876059
0.009800000000000001,4014.338659745835
0.01108,3096.742959321531
0.01489,1696.729430232282
0.010050000000000002,3804.1458919439824
0.01451,1786.380655174109
0.0081,6089.233171105002
0.0088,5068.263750891992
0.015220000000000001,1624.493983014698
0.01099,3149.9888495406367
0.00909,4721.7540556244385
0.01582,1504.99592198523
0.01731,1261.7298658700342
0.0069299999999999995,8694.390803543722
0.016890000000000002,1323.641032069601
0.01312,2187.402356682036
0.01864,1093.101756410081
0.00786,6514.625014360012
0.01648,1388.8371100683437
0.01819,1145.9508043813314
0.0193,1022.2770077095136
0.0094,4390.65258061734
0.007,8493.25106513093
0.030510000000000002,432.91643969454776
0.015,1672.0974204948309
0.00797,6314.087184657213
0.02104,866.7648408315193
0.019370000000000002,1015.1927671540454
0.01691,1320.5849897023436
0.01784,1189.905893011949
0.01777,1199.0167232351382
0.02145,835.5492909635395
0.01853,1105.6593000677653
0.00878,5093.615439781713
0.00521,17439.45558622911
0.00931,4482.942815200222
0.0177,1208.2382846581263
0.012310000000000001,2490.778102033882
0.01813,1153.301901028442
0.01149,2871.1637626171746
0.01949,1003.2276518599631
0.02509,621.9693219097458
0.02066,897.378032066583
0.016050000000000002,1462.8302053880145
0.01051,3459.8483995782144
0.01184,2698.34374185825
0.0064800000000000005,10183.990610147235
0.012750000000000001,2318.3270788267323
0.00596,12459.236274974368
0.016120000000000002,1450.3664526032824
0.01688,1325.1732439805342
0.01559,1549.1121621301386
0.02577,591.6869404994957
0.02364,695.3794834709822
0.00552,15063.479532239453
0.01983,970.5113135164902
0.00904,4778.805870434593
0.00723,7880.814224379033
0.01002,3828.4476129257537
0.02613,576.5904653932155
0.00924,4556.840022750617
0.01788,1184.7487241078923
0.02146,834.8102691168654
0.015300000000000001,1607.7118162944262
0.022510000000000002,762.610606330098
0.00528,16854.899816266952
0.01018,3701.58013068607
0.02288,739.5023150468891
0.0066500000000000005,9577.79249028356
0.017410000000000002,1247.6624028035958
0.02165,820.9631615765695
0.01627,1424.2162166977755
0.013890000000000001,1949.6004733515176
0.01768,1210.8936118032389
0.027530000000000002,523.3166995367633
0.02262,755.622391085608
0.00784,6552.151937025958
0.01877,1078.5494177821452
0.00515,17965.66367731594
0.01576,1516.3115667710344
0.01583,1503.122939087979
0.01325,2144.14758566666
0.00697,8578.559989523234
0.02359,698.1526572289688
0.021480000000000003,833.3353268723835
0.02191,802.5956563383018
0.020620000000000003,900.699809977842
0.00708,8272.09169225431
0.00571,13844.73345712394
0.01798,1172.009242106462
0.00816,5989.637890839497
0.01872,1084.110017237771
0.01368,2010.2623704010196
0.01866,1090.8427959996877
0.00749,7267.450126799503
0.02416,667.5437936193854
0.01925,1027.3851773594006
0.016239999999999997,1429.3864135154383
0.0061600000000000005,11498.958944561864
0.01133,2956.0269823879935
0.01323,2150.7140647075366
0.01472,1735.9387804211551
0.01787,1186.034700124088
0.012570000000000001,2386.5343483952374
0.01272,2329.4803782354707
0.00802,6226.096597703311
0.0197,982.8184493358967
0.00745,7356.882382746094
0.02248,764.5342601402873
0.01452,1783.9265309802079
0.022170000000000002,784.8705247110281
0.02257,758.7862236919368
0.02463,643.8733414119417
0.0195,1002.240637486865
0.02056,905.719094149769
0.0167,1353.2392494881933
0.01661,1367.6259049912228
0.01622,1432.849692244943
0.01678,1340.650693804777
0.02662,557.0032789774035
0.02279,745.020173475466
0.004900000000000001,20443.597444974923
0.00792,6404.030978309812
0.01322,2154.009216166458
0.01862,1095.3681220791348
0.01958,994.3995162078214
0.017329999999999998,1258.896390590155
0.00684,8964.059045078266
0.00939,4400.759590232736
0.00529,16773.853799153574
0.01549,1568.9328087290999
0.00851,5456.201093040717
0.00735,7588.102809701096
0.02334,712.2850906651045
0.02549,603.866861098999
0.00944,4350.585467216159
0.016030000000000003,1466.4223465957773
0.008830000000000001,5030.604126467381
0.0112,3027.9164261647074
0.01478,1721.9385233780667
0.021050000000000003,865.9816470920593
0.02481,635.1586868894143
0.02681,549.6908406784434
0.00744,7379.508019940386
0.016980000000000002,1309.97612091612
0.00474,22315.41515745318
0.0157,1527.762054909032
0.016649999999999998,1361.2021635438214
0.022260000000000002,778.8789939128411
0.01933,1019.2313599227846
0.01298,2235.5401793262517
0.02023,934.1336575969437
0.0053300000000000005,16455.584303119813
0.016010000000000003,1470.028430225811
0.0085,5470.397631304099
0.01027,3633.0879631489643
0.01891,1063.2173754155249
0.012369999999999999,2466.0946442224517
0.02346,705.4454993824448
0.01616,1443.3193955253842
0.00875,5132.016090076469
0.01401,1916.220858649366
0.02129,847.5159465069744
0.01561,1545.195440075914
0.014400000000000001,1813.7310323071683
0.009720000000000001,4085.4595420391743
0.01392,1941.1701663750232
0.00522,17354.057666208853
0.01679,1339.0901336842255
0.01144,2897.2681298888956
0.00556,14793.517424541214
0.01314,2180.6588214916537
0.00722,7905.996339812332
0.0075,7245.356225407515
0.01,3844.7841606915745
0.01498,1676.5338578810818
0.02535,610.1065991787848
0.014230000000000001,1857.3174735045786
0.00639,10529.3185032044
0.02095,873.8643338326435
0.02034,924.5072296706779
0.01952,1000.2712109125542
0.01565,1537.4087183547786
0.00918,4621.708386244774
0.01384,1963.779744038571
0.02978,452.63438301190143
0.03089,423.186447348737
0.019969999999999998,957.5279835165932
0.02264,754.3627062000747
0.01485,1705.8286428038125
0.02133,844.4989597201994
0.01176,2736.3773375528845
0.01481,1715.0050381536084
0.020079999999999997,947.5184882189722
0.00628,10976.600792657795
0.010740000000000001,3305.6773973029553
0.00967,4130.917220178189
0.01542,1583.0464334236783
0.01261,2371.106753083183
0.008220000000000002,5892.55946040883
0.01025,3648.135822425399
0.00975,4058.5596859284014
0.04028,261.21203390627574
0.02127,849.0308440533411
0.01815,1150.8432736457316
0.00863,5290.2334686041895
0.01598,1475.463859552168
0.0087,5197.029899514905
0.021570000000000002,826.7488677885184
0.00933,4462.1732807422395
0.023350000000000003,711.7111191870517
0.01908,1045.0584480222071
0.0068,9088.09829234013
0.01427,1846.9144237837388
0.01479,1719.6224584442125
0.017230000000000002,1273.1651424175182
0.011630000000000001,2800.004548536684
0.02684,548.550169582139
0.00636,10648.46773827596
0.01795,1175.8082668812297
0.023940000000000003,679.1010045260778
0.01377,1983.9053576047345
0.04376,225.07753772141717
0.01107,3102.5891447806202
0.01554,1558.9727879886213
0.01501,1669.8861406755377
0.03175,402.40614616579813
0.01438,1818.7747293814557
0.012960000000000001,2242.552997911042
0.02211,788.9055395408469
0.01634,1412.2665994699398
0.00622,11233.085756763538
0.00948,4311.087500773374
0.013210000000000001,2157.3123004158797
0.0049900000000000005,19494.332687767255
0.02131,846.0053239038873
0.00561,14466.40960194095
0.02352,702.0646456408692
0.02702,541.7843108798131
0.01955,997.3285280273099
0.02881,481.1266452453677
0.00923,4567.552174409421
0.00731,7683.768271980101
0.020870000000000003,880.2525901264075
0.02386,683.3824207160153
0.019760000000000003,977.107739659374
0.00763,6967.392152762875
0.011949999999999999,2647.38833273583
0.0212,854.3668895285097
0.023469999999999998,704.8802344390316
0.02572,593.8331997963771
0.01278,2307.257567225124
0.009890000000000001,3936.618897225934
0.0183,1132.6647180542352
0.01194,2651.9579034636577
0.004980000000000001,19596.435054700745
0.02594,584.4809049966715
0.019719999999999998,980.9090320112876
0.01079,3273.5872224856403
0.00908,4733.078941653088
0.013710000000000002,2001.415725584186
0.023809999999999998,686.0800719420107
0.01337,2105.4030990849556
0.00758,7072.305392371018
0.0046500000000000005,23485.950298465898
0.011980000000000001,2633.753610087427
0.02142,837.7725821342398
0.02602,581.1378685813428
0.00844,5556.800594575693
0.00656,9891.533007218603
0.009550000000000001,4243.302950234446
0.019600000000000003,992.4543939687558
0.02215,786.2118909887939
0.00653,9999.66168144666
0.01486,1703.5466383424305
0.00959,4205.314745440006
0.01998,956.6111308748743
0.01293,2253.137329802187
0.017070000000000002,1296.5327024598155
0.01989,964.9131294529402
0.008050000000000002,6174.216038217978
0.01645,1393.8057984841964
0.01577,1514.41632053518
0.012230000000000001,2524.2986360109862
0.00719,7982.297630479912
0.01756,1227.021012303587
0.01642,1398.8026110405706
0.025070000000000002,622.8969628861114
0.01735,1256.072954989609
0.02804,505.82823202318076
0.02278,745.6372934205332
0.02591,585.7424124606334
0.00841,5600.80337841022
0.016620000000000003,1366.015488718801
0.02793,509.52103707294265
0.02537,609.208964419567
0.02336,711.1378873557443
0.02718,535.8806602055595
0.0219,803.2900206466034
0.014199999999999999,1865.1804966949994
0.01614,1446.836151571863
0.01277,2310.9381472608275
0.029140000000000003,471.121402985335
0.00965,4149.322342871602
0.018670000000000003,1089.7160823709994
0.0079,6440.568546437725
0.01764,1216.2320091117163
0.00751,7223.366637502424
0.03034,437.3848249590415
0.00884,5018.148005843859
0.021500000000000002,831.8645064236254
0.00941,4380.581837821068
0.016489999999999998,1387.1870929080183
0.010320000000000001,3595.8910841143424
0.021660000000000002,820.2444576526083
0.01943,1009.1821609418389
0.01968,984.7337728990099
0.02754,522.9646152737004
0.00942,4370.54718811515
0.01924,1028.411655951631
0.02193,801.2097768061226
0.02097,872.2787331543552
0.01531,1605.6332843936277
0.02691,545.9031586164235
0.01263,2363.4517044316385
0.018690000000000002,1087.4681680547942
0.03933,272.69640733973665
0.02198,797.761607614985
0.024010000000000004,675.3895293344926
0.00895,4884.251973012036
0.01148,2876.355007514753
0.007030000000000001,8409.252039874753
0.02153,829.665969756531
0.02925,467.8595500137868
0.02777,514.9692663933031
0.02534,610.5562030897037
0.024260000000000004,662.3932359512457
0.020989999999999998,870.6976827613744
0.02111,861.3059215990162
0.0178,1195.0986289580453
0.01743,1244.8786441547247
0.02693,545.1505901226839
0.019780000000000002,975.2158253502198
0.01434,1828.928681148564
0.0076100000000000004,7009.064924744772
0.023379999999999998,709.9936657231874
0.02249,763.8921897975038
0.019260000000000003,1026.3603182772158
0.01116,3050.5895078104636
0.01812,1154.5343294334152
0.01945,1007.1911269358477
0.01517,1635.1236089186339
0.023760000000000003,688.7946381295769
0.00659,9785.205240526666
0.016329999999999997,1413.9639769717164
0.00601,12207.857319569224
0.010570000000000001,3418.5590829754997
0.015560000000000001,1555.016686122682
0.02779,514.2831949869759
0.0247,640.4619145550339
0.03379,359.1251544322618
0.028350000000000004,495.64661473116666
0.01667,1358.0081411838523
0.00868,5223.396213596521
0.020390000000000002,920.1833761924007
0.008130000000000002,6039.1154064102075
0.0057,13905.030282618087
0.01916,1036.682208492995
0.01888,1066.4736775699498
0.00696,8607.292153157221
0.02075,889.97453987307
0.01893,1061.0552328991105
0.01729,1264.5734296478506
0.02228,777.5573786837425
0.02086,881.0563179574216
0.01773,1204.2725106534074
0.023899999999999998,681.2363821346142
0.01391,1943.97387723764
0.0175,1235.2123594436723
0.02164,821.6828630604535
0.0051600000000000005,17876.28331698694
0.02377,688.250364688935
0.02136,842.247362272267
0.015470000000000001,1572.944953473742
0.01722,1274.6060587743732
0.018940000000000002,1059.9767678165422
0.01779,1196.402408253915
0.019420000000000003,1010.1800136263234
0.00583,13151.538516138706
0.008029999999999999,6208.727820942611
0.02268,751.8532922621903
0.02515,619.1995026354095
0.02761,520.5105137811581
0.01158,2825.097357089298
0.02038,921.0455834401153
0.01863,1094.234012436236
0.00742,7425.085237066947
0.0078,6628.223084532784
0.01125,2999.945048448657
0.01095,3174.1162755726687
0.00903,4790.345536325016
0.01685,1329.7867261390336
0.02318,721.5693085745427
0.0121,2580.30322560143
0.019870000000000002,966.7735016557162
0.02013,943.0233409264018
0.02578,591.2591646040839
0.026760000000000003,551.6003390097759
0.009859999999999999,3962.261708735633
0.00619,11364.820262126937
0.0262,573.7259720609618
0.024960000000000003,628.0384187289469
0.008400000000000001,5615.591883497439
0.01859,1098.7816277935717
0.0218,810.2863083215397
0.02078,887.5281749412691
0.020489999999999998,911.6310960388029
0.02595,584.061359773129
0.03066,429.0336289256904
0.02638,566.4628889573244
0.01875,1080.7682339269109
0.00809,6106.0832826455135
0.02189,803.9853367589739
0.01694,1316.0217757799119
0.023920000000000004,680.1673658638055
0.009970000000000001,3869.4945430442726
0.00559,14595.903042313868
0.02521,616.4491892380429
0.00672,9344.30396694929
0.01104,3120.2320317961367
0.02212,788.2307578880024
0.00801,6243.541218859452
0.024829999999999998,634.201943237906
0.008060000000000001,6157.072149581805
0.01525,1618.1684263403063
0.01742,1246.2692953895069
0.01979,974.2720406377817
0.01769,1209.5647968220255
0.020010000000000003,953.868890970754
0.02395,678.5688172657299
0.01767,1212.2247350180148
0.02933,465.509747697514
0.02494,628.9804572865182
0.016730000000000002,1348.4967510344027
0.00739,7494.276533922084
0.01527,1613.9729445024882
0.02919,469.6342823754303
0.017050000000000003,1299.5012387377556
0.020640000000000002,899.0364928282526
0.02451,649.7889121986094
0.01597,1477.2827207845937
0.02255,760.0576359539706
0.03179,401.4792621785928
0.016260000000000004,1425.936330864626
0.019039999999999998,1049.2867773685564
0.007070000000000001,8299.244501383122
0.02886,479.589135081582
0.02632,568.8676350648185
0.01001,3836.602265623597
0.01491,1692.2084915822456
0.00618,11409.263133840586
0.01262,2367.2743612328636
0.02036,922.7738376896626
0.02052,909.0899333660265
0.00962,4177.171697340909
0.00865,5263.339183714208
0.028,507.16614221224415
0.00667,9510.166544483063
0.01753,1231.105921532286
0.00755,7136.43829699587
0.024710000000000003,639.9769072965437
0.01781,1193.7970922881861
0.01713,1287.6910671043674
0.01638,1405.50915220963
0.02,954.7815874058709
0.02229,776.8979025008647
0.020739999999999998,890.792367366995
0.021750000000000002,813.8207071985745
0.033659999999999995,361.6581287411247
0.020260000000000004,931.4925922027347
0.01841,1119.6205035379628
0.02748,525.0827753747345
0.02979,452.354706228426
0.02286,740.7228984147936
0.00834,5705.616395631995
0.016710000000000003,1351.6554936724194
0.029750000000000002,453.4750629069935
0.01574,1520.1133058220803
0.01236,2470.1817713377473
0.009810000000000001,4005.584991479557
0.021079999999999998,863.6387751713421
0.0205,910.7827910306809
0.01073,3312.1546471601823
0.02911,472.0172662933393
0.02125,850.5500329655588
0.03102,419.93728289379226
0.02851,490.5182345745833
0.02427,661.8816462634855
0.00779,6647.455885522548
0.024280000000000003,661.3706825816987
0.02112,860.5305199624208
0.016390000000000002,1403.8277649600757
0.00651,10072.768256509393
0.02158,826.022130249291
0.01459,1766.8954816060905
0.01553,1560.9567970693704
0.02016,940.342427211641
0.00459,24319.23824124522
0.01021,3678.52616254173
0.00985,3970.8674795041325
0.02244,767.1111127743095
0.01884,1070.8400075986417
0.02072,892.4315951985035
0.00674,9279.211939160177
0.01357,2043.2328319525857
0.01677,1342.2141280341261
0.02298,733.4469219621961
0.024640000000000002,643.384233385079
0.020300000000000002,927.9895098455207
0.01906,1047.1692376098924
0.03817,287.84519851582075
0.00549,15270.961661481035
0.011550000000000001,2840.323034654155
0.02443,653.7806397357358
0.02383,684.9989896296992
0.024530000000000003,648.7970150116395
0.01991,963.0584150193322
0.01873,1082.9942762608155
0.01043,3516.129163203712
0.01567,1533.5385504427318
0.019030000000000002,1050.3480877947818
0.01758,1224.30962405796
0.02755,522.6129066710516
0.02059,903.2039337753928
0.00567,14088.369988164808
0.006070000000000001,11916.402568238807
0.0221,789.5812358072458
0.02179,810.9912411235736
0.01311,2190.786440989987
0.02687,547.4132486477146
0.027739999999999997,516.0010998977725
0.016079999999999997,1457.4679750210278
0.01977,976.1610573468263
0.00581,13263.302646877144
0.0245,650.2857623851594
0.01367,2013.2249444848844
0.01843,1117.2743452799682
0.02467,641.9204377751246
0.02067,896.5506167870084
0.020440000000000003,915.8914385985954
0.00911,4699.230970321782
0.0062900000000000005,10934.734750686073
0.02186,806.0770137968105
0.02333,712.8597966316897
0.021230000000000002,852.0735299463274
0.02513,620.1205991218761
0.02324,718.0653764259661
0.02263,754.9921322137876
0.01856,1102.2119825089003
0.01825,1138.6734984189245
0.03289,377.2606090025032
0.006940000000000001,8665.206512819896
0.00626,11061.0803694114
0.02554,601.6628756934292
0.02323,718.6474907168783
0.023440000000000003,706.5781864207787
0.01854,1104.508302439399
0.026010000000000002,581.5540876207123
0.024300000000000002,660.3506289858772
0.02929,466.6823014357368
0.027600000000000003,520.8599798398599
0.00824,5860.744496971277
0.025660000000000002,596.4250504927707
0.00592,12666.142660537265
0.021070000000000002,864.4186163958358
0.015390000000000001,1589.1565373174665
0.021320000000000002,845.2516105666857
0.0263,569.6728166339564
0.00879,5080.914896992075
0.029480000000000003,461.1540512235999
0.023289999999999998,715.1659805548268
0.00704,8381.538784105127
0.01511,1648.0246544803633
0.022,796.388916329564
0.00652,10036.111856406978
0.00949,4301.30065613055
0.00666,9543.886665813954
0.0074800000000000005,7289.649016415778
0.019170000000000003,1035.6426471237726
0.010130000000000002,3740.509861284317
0.028280000000000003,497.91708928178264
0.02124,851.3112419177963
0.00807,6140.002347822514
0.01827,1136.2639531434934
0.02115,858.2109335500335
0.01905,1048.2271618186726
0.00721,7931.303706175737
0.02092,876.2513042407314
0.020190000000000003,937.6735536893386
0.00668,9476.630751142724
0.024,675.9177691708833
0.019670000000000003,985.6936451511282
0.00915,4654.685673586606
0.02232,774.924780234506
0.01365,2019.1707612448276
0.00726,7806.011192890468
0.01009,3772.1176304334485
0.02238,771.0022685482189
0.01922,1030.4694845570216
0.00898,4848.702589175744
0.02219,783.5327795052918
0.02683,548.929975843635
0.02022,935.0166466726853
0.019649999999999997,987.617835643086
0.023260000000000003,716.9033871109042
0.020890000000000002,878.6486118760063
0.020329999999999997,925.3758587014486
0.0223,776.2393118069854
0.02247,765.1771865209348
0.00701,8465.107192950665
0.01975,978.0558751408574
0.00617,11453.97530206741
0.02173,815.2412987399078
0.01578,1512.5248098190254
0.029230000000000003,468.4499429690613
0.007019999999999999,8437.107848788086
0.01927,1025.3370752134574
0.023969999999999998,677.5064238708898
0.02307,728.0639528817046
0.0242,665.475978541762
0.02672,553.1355249042412
0.01709,1293.5748634421857
0.02077,888.342446026022
0.01328,2134.3568460094134
0.024120000000000003,669.6218110853968
0.01954,998.307898992313
0.02411,670.1429175988419
0.02506,623.3616052968445
0.02243,767.757475778027
0.0147,1740.6454466387931
0.02315,723.3314446271884
0.02093,875.4545018397463
0.02452,649.2926633306669
0.03049,433.4383617338183
0.02732,530.7982324596796
0.02434,658.317987801941
0.03004,445.4509633908038
0.020239999999999998,933.2519872858292
0.01238,2462.0181408180256
0.02565,596.8587694740312
0.005690000000000001,13965.732869546167
0.028100000000000003,503.83184131636625
0.028739999999999998,483.2923394109059
0.02311,725.6915866452691
0.023030000000000002,730.4486300737051
0.029570000000000003,458.5715996037087
0.027350000000000003,529.7190883797799
0.0257,594.6951622077854
0.023100000000000002,726.283528778696
0.03463,343.41667601981754
0.02143,837.0304453946267
0.02273,748.735074208626
0.01416,1875.746410340577
0.01883,1071.9360077487142
0.027899999999999998,510.5355932011576
0.023530000000000002,701.5036663634223
0.0072699999999999996,7781.321800638486
0.024239999999999998,663.4182974264984
0.01339,2099.0528939251144
0.014220000000000002,1859.9326678368652
0.013550000000000001,2049.3189408440226
0.00811,6072.455424949862
0.02407,672.2337848606069
0.02606,579.4777073667748
0.01986,967.7058167773257
0.02275,747.4935196527113
0.03208,394.8595715084926
0.02284,741.946676494629
0.02254,760.6946080402669
0.015050000000000001,1661.086973004572
0.027510000000000003,524.0219973537324
0.01782,1192.49779421381
0.020350000000000004,923.6398902971038
0.01746,1240.7213671942204
0.022350000000000002,772.959583387873
0.02076,889.1579002148164
0.01506,1658.8986039295994
0.025480000000000003,604.309194394207
0.02876,482.6719929970806
0.01814,1152.0715505609792
0.023850000000000003,683.9206046243128
0.00725,7830.822482406639
0.01682,1334.4256255789542
0.01754,1229.7419005617
0.01585,1499.3879910910566
0.01702,1303.9742158449574
0.028460000000000003,492.1117700202641
0.016989999999999998,1308.4715600209806
0.0222,782.8652605648691
0.00855,5399.9860487351025
0.01821,1143.5168868557284
0.00687,8872.74442273672
0.021920000000000002,801.9022420610285
0.02442,654.2823373256667
0.023780000000000003,687.7067725563838
0.02939,463.7596643131447
0.028489999999999998,491.1546617623942
0.02161,823.8479726481773
0.01659,1370.855744988409
0.022940000000000002,735.859619505185
0.02688,547.0351054945304
0.020530000000000003,908.2453575474401
0.02194,800.5182563821551
0.03037,436.5909801435035
0.02721,534.7850874211545
0.02417,667.0258860616349
0.02253,761.3324260808938
0.01719,1278.944299833793
0.019010000000000003,1052.4758082840049
0.03646,312.7494278597454
0.01957,995.374339862975
0.01993,961.2093346874393
0.03073,427.2405390620484
0.01861,1096.5040920993506
0.025050000000000003,623.8267981543006
0.01835,1126.705908521301
0.02524,615.0812884504215
0.02996,447.6418593012681
0.02526,614.1720262733635
0.013470000000000001,2073.95118841753
0.0194,1012.1804069710446
0.0267,553.9056609521398
0.02027,930.6148621615829
0.03272,380.84955769747364
0.02829,497.5917263389521
0.024800000000000003,635.6379164680609
0.02768,518.0746339122203
0.02582,589.5529561562114
0.02456,647.3136631036165
0.02047,913.331461186636
0.01847,1112.605282409822
0.00634,10729.063758986487
0.00872,5170.870853963573
0.02225,779.5411362186496
0.020730000000000002,891.6113849638898
0.02569,595.1268876652737
0.02176,813.1118768459205
0.019629999999999998,989.5479751922147
0.01931,1021.260194151193
0.01643,1397.1338685636072
0.02622,572.9116894034324
0.01761,1220.2602554634802
0.020309999999999998,927.1169962070514
0.022600000000000002,756.8854120140898
0.02203,794.3368816666903
0.02032,926.2457800789016
0.021840000000000002,807.4762568896065
0.018000000000000002,1169.4873247212786
0.02902,474.7211424696929
0.01085,3235.7197140556427
0.02106,865.1995731278311
0.008039999999999999,6191.4345111160965
0.03132,412.58863196727145
0.02528,613.2648934826803
0.02014,942.1283606725526
0.02103,867.5491565391035
0.02168,818.8100353152757
0.02331,714.011413050454
0.02306,728.6589646414122
0.026090000000000002,578.2375165632798
0.006889999999999999,8812.667270330996
0.02612,577.0015299980397
0.02527,613.7181947677658
0.015960000000000002,1479.105108577809
0.00774,6744.93640416996
0.03369,361.0710823776629
0.013630000000000001,2025.144281668188
0.01669,1354.8259377626082
0.025670000000000002,595.9918309614949
0.02172,815.9530798137725
0.02011,944.8173422731064
0.02743,526.8583259495301
0.0225,763.2509715732318
0.02222,781.5329216923263
0.01844,1116.104179486262
0.02018,938.5618450049385
0.02869,484.8487514862573
0.0216,824.5716837166026
0.0076,7030.046959306271
0.02872,483.913951103756
0.02574,592.9732168868031
0.00757,7093.583031687107
0.021,869.9088567252168
0.024399999999999998,655.287566859035
0.02615,575.7697281647444
0.019809999999999998,972.3888006827234
0.02597,583.2237007653632
0.02723,534.0566782429693
0.0234,708.8522239973436
0.0198,973.329700048991
0.019940000000000003,960.286900051033
0.02281,743.7883586016263
0.0227,750.6035408027861
0.024059999999999998,672.7581174255616
0.02291,737.6774051727076
0.02409,671.1870608133402
0.00905,4767.3095974882735
0.01785,1188.6132793905354
0.023960000000000002,678.0372908159305
0.02711,538.450887530148
0.02968,455.4463147451564
0.02484,633.7244279066578
0.0184,1120.796504790576
0.02885,479.89601265120683
0.02817,501.5184721389843
0.0192,1032.5338354396858
0.03344,366.0098609612462
0.02533,611.0063326595318
0.01361,2031.1456818555987
0.023280000000000002,715.7443740969222
0.03086,423.94192474347614
0.02783,512.9153951577755
0.02679,550.4533799377117
0.023600000000000003,697.5966220095112
0.02199,797.074794037872
0.026949999999999998,544.3996714965167
0.02842,493.3925260052152
0.02816,501.8479246392335
0.0254,607.8664333549998
0.02958,458.28607803716716
0.02545,605.639281571695
0.0217,817.3795809471798
0.02518,617.8219194586761
0.020050000000000002,950.231872644294
0.02223,780.8680984759112
0.02341,708.2826285263012
0.030610000000000002,430.3217346444035
0.0228,744.4038623952301
0.019899999999999998,963.9850665021432
0.0070999999999999995,8218.206519687095
0.02486,632.771105484885
0.03364,362.0503359316878
0.02156,827.4766190945045
0.02079,886.7150846344796
0.02625,571.6936974603677
0.01882,1073.0337827468747
0.00741,7448.038221778687
0.02102,868.3345954388495
0.030690000000000002,428.2637015433445
0.02259,757.51817706182
0.01886,1068.6533163852348
0.02677,551.2175983406291
0.02041,918.4627892898812
0.022760000000000002,746.8739649265428
0.02655,559.7362973440177
0.02586,587.8545423068041
0.01897,1056.7517520705658
0.02101,869.1211622572564
0.020280000000000003,929.7384393453166
0.03429,349.64082078235674
0.02321,719.8139644211802
0.027469999999999998,525.437125288664
0.02643,564.4712260554869
0.02368,693.1734909390117
0.02952,460.0034523462859
0.0070599999999999994,8326.53598962897
0.02436,657.3053837016431
0.03228,390.39466684610744
0.022920000000000003,737.0706869001003
0.027039999999999998,541.040726258735
0.02258,758.1517804343906
0.025840000000000002,588.7027779983141
0.02823,499.5489791792498
0.02652,560.9141076065556
0.02061,901.533295705481
0.02927,467.27033721790093
0.02708,539.558405123054
0.02478,636.5980986553541
0.02696,544.0248190980824
0.00787,6495.987004231155
0.026850000000000002,548.1707800769613
0.02788,511.2137459766274
0.0289,478.3647335356428
0.02327,716.3235091247765
0.01961,991.4840889245262
0.02621,573.3186013730158
0.02308,727.4697105636501
0.03625,316.0430543559529
0.02045,915.0368526701498
0.019440000000000002,1008.1858664637255
0.030940000000000002,421.9320598311707
0.03064,429.54813522850964
0.01909,1044.005575407774
0.02725,533.3298418591755
0.02868,485.1609886043077
0.0171,1292.0999388661155
0.02502,625.2256837186313
0.0308,425.4593188885992
0.02646,563.2815545068632
0.02296,734.651701695797
0.02382,685.5391930146521
0.02373,690.4315644766705
0.02492,629.9247378516252
0.02786,511.8933292300026
0.0253,612.3598831851551
0.02237,771.6538336945581
0.026000000000000002,581.9707797224786
0.023690000000000003,692.6237252572841
0.020649999999999998,898.2066566473421
0.019190000000000002,1033.5684641816542
0.016370000000000003,1407.1937211128104
0.02139,840.0052546386704
0.0307,428.0075464226256
0.03195,397.8054178096996
0.02345,706.0114830893149
0.02628,570.4798073206239
0.02017,939.4514685591023
0.02608,578.6504453812207
0.022090000000000002,790.2578490841935
0.02357,699.2668367453068
0.00775,6725.263038317912
0.01879,1076.3377958796586
0.02147,834.0722817806976
0.02109,862.8600470773667
0.025079999999999998,622.4328681904573
0.024210000000000002,664.9606109445886
0.027559999999999998,522.261573288564
0.023420000000000003,707.7137579398982
0.028870000000000003,479.2825686957903
0.02706,540.2987592313455
0.02588,587.008243268623
0.023739999999999997,689.885233364532
0.02465,642.8957141028513
0.01896,1057.8250312705536
0.019690000000000003,983.7753785640084
0.028710000000000003,484.2252331933605
0.02441,654.7846465870826
0.026690000000000002,554.2913669175472
0.03081,425.20582153482866
0.01871,1085.2275767690471
0.02358,698.7093951495476
0.03635,314.4678199205094
0.02081,885.0924368664147
0.023010000000000003,731.6456124917669
0.024460000000000003,652.2791982278557
0.01934,1018.2193324141325
0.02178,811.6971456079
0.0249,630.8712677966319
0.01745,1242.104685871775
0.02845,492.4314639850099
0.00799,6278.659796089596
0.02314,723.9203388057066
0.03116,416.48226502618354
0.02664,556.2263030203682
0.02663,556.614575969865
0.02529,612.8121234168109
0.02283,742.5597670557258
0.02438,656.2952460249084
0.02648,562.4906469874478
0.02355,700.3838365481286
0.02561,598.5986567255964
0.03159,406.14788363792434
0.025140000000000003,619.659779548852
0.0238,686.6216272550389
0.01846,1113.7696523103648
0.02299,732.845705505739
0.01802,1166.9739733478198
0.024489999999999998,650.7832151458473
0.03448,346.1407419384572
0.028440000000000003,492.75148766423797
0.027379999999999998,528.6434208903196
0.027850000000000003,512.2336585183372
0.03264,382.55727700355186
0.03171,403.3364330547741
0.022850000000000002,741.3343873877378
0.02558,599.9088564576202
0.02316,722.7433090592826
0.03045,434.48520754722574
0.02645,563.6776690726113
0.0246,645.344207383854
0.02596,583.6422919625626
0.02698,543.2763524621557
0.02402,674.8619434785215
0.023559999999999998,699.8249834821194
0.00734,7611.844868493996
0.02227,778.2177419328574
0.03573,324.4401865315846
0.023039999999999998,729.8513018588718
0.024739999999999998,638.5253736763777
0.02309,726.8762364381317
0.03144,409.7061974054389
0.0261,577.8250548948525
0.02447,651.7799320642798
0.02637,566.8625591096807
0.02593,584.9009284635844
0.03046,434.2231200470958
0.02265,753.7341096457594
0.03372,360.48554851191534
0.024980000000000002,627.0986152794449
0.02204,793.6547304288877
0.027260000000000003,532.967011873652
0.02479,636.1177206287822
0.02261,756.2534838858668
0.02325,717.4840089962856
0.020579999999999998,904.0410910070209
0.03782,292.67993349946596
0.033350000000000005,367.81413772232537
0.03008,444.361892108863
0.028010000000000004,506.83113922949804
0.028480000000000002,491.4733694522874
0.02775,515.6567912664473
0.0335,364.81480798089615
0.02716,536.613022106456
0.02233,774.2688361688223
0.021670000000000002,819.5267495261047
0.029410000000000002,463.17862300439
0.01799,1170.7472100866594
0.02619,574.133801862358
0.0213,846.760101887793
0.023649999999999997,694.8269433837271
0.03032,437.91532930865503
0.02501,625.6930844197212
0.024100000000000003,670.6646665617789
0.02525,614.626390762652
0.02121,853.6013516538908
0.02709,539.1888313532585
0.02991,449.0198696817797
0.024890000000000002,631.3453787055618
0.02832,496.6176593051348
0.02962,457.14680883441804
0.023620000000000002,696.4866547413721
0.027960000000000002,508.5096763257672
0.024579999999999998,646.3277461130006
0.01791,1180.9039886088642
0.03632,314.9390775938812
0.024329999999999997,658.8252175517258
0.02573,593.402961300708
0.024870000000000003,632.2952965258464
0.020100000000000003,945.7163689495319
0.038079999999999996,289.0762239340508
0.02475,638.0426885192162
0.030350000000000002,437.1199556128946
0.02878,482.052909848359
0.03108,418.45100862083564
0.025570000000000002,600.3466004157344
0.0312,415.50340291783544
0.0251,621.5063228679275
0.02239,770.3515743540061
0.014960000000000001,1680.9888860982433
0.02564,597.2929888086423
0.021410000000000002,838.5157613431279
0.01865,1091.971352490731
0.02836,495.3236026254835
0.02485,633.2474823848729
0.0229,738.2849150035458
0.02085,881.8611994100153
0.028260000000000004,498.5688287003547
0.022420000000000002,768.4047018531709
0.02627,570.8839827790711
0.02802,506.4964861572336
0.02954,459.42986073583387
0.02888,478.97631332046024
0.02722,534.4206860250409
0.027940000000000003,509.18356247283026
0.02895,476.8411947097184
0.02379,687.1638604397019
0.033740000000000006,360.09603012724494
0.03127,413.7991617109374
0.021140000000000003,858.9830280371675
0.02766,518.7687510407854
0.02445,652.7790703202774
0.02271,749.9798986702418
0.0272,535.149883229339
0.02457,646.8204068491091
0.03059,430.8386969848509
0.02953,459.7165145729566
0.026180000000000002,574.5420916890962
0.0252,616.9062281452815
0.02556,600.7848510085607
0.02659,558.1719755986052
0.0304,435.7994203275124
0.02658,558.5624049740131
0.0275,524.3752120259104
0.023190000000000002,720.9834409666076
0.029320000000000002,465.80244782346693
0.02216,785.5407543353101
0.025920000000000002,585.3214305963547
0.03547,328.7725260249488
0.02354,700.9433970783253
0.02429,660.8603438224551
0.027280000000000002,532.2425258643685
0.03551,328.10004789450727
0.02493,629.4523167734983
0.0299,449.2962799622098
0.02707,539.928380958654
0.01839,1121.9744599446735
0.02256,759.42150834423
0.02398,676.9762153690544
0.02838,494.678579740544
0.023670000000000004,693.7239482844682
0.02155,828.2053851916316
0.025410000000000002,607.4199650918358
0.027760000000000003,515.3128468608227
0.033850000000000005,357.96558231717484
0.03245000000000001,386.66220571556585
0.03201,396.4414743818305
0.02461,644.853327415079
0.023170000000000003,722.1559315686447
0.02562,598.1629316906178
0.02272,749.3570769537662
0.03147,408.9905879577398
0.026510000000000002,561.3075848110363
0.03025,439.7801607141702
0.02418,666.5086150954214
0.02207,791.6138414267847
0.0293,466.388723795937
0.023510000000000003,702.6263360946452
0.02981,451.796174958771
0.03332,368.4187048394505
0.02287,740.1122081046425
0.02714,537.346971992362
0.027030000000000002,541.412316055617
0.032979999999999995,375.3822762880619
0.02491,630.3977211114654
0.023870000000000002,682.8449076363598
0.0346,343.958758078778
0.029160000000000002,470.52565949246247
0.028620000000000003,487.0411309270305
0.029670000000000002,455.72903240591666
0.0207,894.07560237029
0.02245,766.4656112581079
0.02538,608.7609321790977
0.0258,590.4050829580357
0.032850000000000004,378.1002202872429
0.0292,469.33775231835847
0.03038,436.32687335364085
0.02624,572.0992381541852
0.023129999999999998,724.5099929780516
0.02051,909.9357345995031
0.03454,345.04700941237456
0.02931,466.0954392519468
0.02834,495.96996123070625
0.0316,405.91240898180587
0.03164,404.9726751989717
0.028730000000000002,483.60298656362403
0.03021,440.85144620568053
0.033960000000000004,355.8550904097312
0.02942,462.8885355718306
0.030780000000000002,425.96703406430083
0.028079999999999997,504.4959135998213
0.02404,673.8087290782963
0.02466,642.4077825634033
0.030420000000000003,435.2729787679127
0.02937,464.3418633508452
0.02949,460.8659735398614
0.02598,582.8055854588503
0.02665,555.8384596067567
0.02843,493.07184153021257
0.026260000000000002,571.2886125985705
0.024440000000000003,653.2795511693906
0.03196,397.57757686212705
0.02631,569.2700000209213
0.028030000000000003,506.16218410821875
0.02552,602.5429368328463
0.02547,604.7520418105012
0.02827,498.2427898186448
0.0363,315.2538733474986
0.02795,508.8464423919893
0.02668,554.6774991597508
0.02965,456.2953042872003
0.02689,546.6573765050333
0.03284,378.3105869879382
0.02972,454.31822317245764
0.03079,425.71305625545546
0.023989999999999997,676.4466641828465
0.024480000000000002,651.2812713793176
0.02857,488.6167647253357
0.0296,457.7158807659853
0.02361,697.0412882401693
0.02634,568.064256825139
0.024149999999999998,668.0623388618883
0.02607,579.0638420446919
0.02389,681.7718895853031
0.03151,408.0395156439941
0.030090000000000002,444.0902846872798
0.03215,393.2876703470729
0.03129,413.3142739216461
0.027370000000000002,529.0015913980237
0.027010000000000003,542.1567113206027
0.02517,618.2805734897116
0.02542,606.9740166872866
0.03497,337.3667605807238
0.029500000000000002,460.5781814099379
0.02579,590.8318790632513
0.03014,442.7361924903728
0.0337,360.87573663936143
0.03363,362.2466928875728
0.03222,391.72568466771463
0.03053,432.39551482376675
0.03648,312.438596478185
0.032600000000000004,383.4157023815209
0.02971,454.5998298862827
0.029079999999999998,472.9158365861717
0.02312,725.1004084457676
0.02519,617.3638046248155
0.02611,577.4130596236233
0.02531,611.9081718642223
0.02266,753.1063432935256
0.02863,486.726971674631
0.02202,795.0199619117154
0.02727,532.6045733808936
0.02559,599.471618296893
0.02544,606.0836757438025
0.02432,659.3330668388423
0.02539,608.3134219859465
0.02551,602.9837330697976
0.02813,502.8383303910982
0.02854,489.56603238811493
0.02955,459.1434905867062
0.027989999999999998,507.5014972532411
0.02246,765.8209698095444
0.03111,417.7110013835585
0.030010000000000002,446.2705504810226
0.028960000000000003,476.5374110377756
0.02797,508.1732637900923
0.02977,452.91433439005414
0.02749,524.7288044375753
0.02656,559.3445653576673
0.023719999999999998,690.9785677026155
0.02877,482.3622938604165
0.02734,530.0784160436563
0.02924,468.15459877771696
0.02349,703.751855504368
0.026920000000000003,545.5266740049102
0.02699,542.902731040155
0.0268,550.0719061943303
0.032880000000000006,377.4702340280469
0.027670000000000004,518.4215081525957
0.032350000000000004,388.8508695543898
0.03234,389.07081785633994
0.0325,385.5752020015349
0.02922,468.74558303932025
0.0339,357.00380939474564
0.033100000000000004,372.90084628575056
0.027710000000000002,517.0362177205023
0.02946,461.7310648093073
0.02654,560.1284645060343
0.029,475.3253428360619
0.025320000000000002,611.4569886227526
0.02196,799.1380495981381
0.0294,463.4689990941417
0.02599,582.3879453398989
0.034159999999999996,352.06813031259185
0.02647,562.885880160341
0.03121,415.2592582295144
0.02657,558.9532681349415
0.027920000000000004,509.8588662682565
0.028050000000000002,505.49462944964114
0.02616,575.3600541530402
0.02641,565.2665564756662
0.03227000000000001,390.61600389183883
0.03041,435.5360732962577
0.026600000000000002,557.7819773277538
0.02553,602.1026513772139
0.027129999999999998,537.7145445915138
0.03153,407.56529794423494
0.028059999999999998,505.16137636429227
0.0233,714.5883273141998
0.02759,521.2098182305349
0.02623,572.5052351279982
0.03270000000000001,381.2753507444356
0.03389,357.19583525589877
0.02739,528.2856349922521
0.026350000000000002,567.6632418300724
0.02477,637.0790521002447
0.0274,527.9282331138364
0.03024,440.04759437780666
0.02811,503.50032514865603
0.02332,713.4352362388317
0.02724,533.6930637206381
0.03359,363.03381537035386
0.03314,372.07948940522283
0.027170000000000003,536.2466425260994
0.02956,458.85740373513863
0.02585,588.278417674443
0.023710000000000002,691.5262647967485
0.03145,409.46743877317465
0.02653,560.5210678057834
0.022010000000000002,795.703972869349
0.0329,377.0511689093661
0.02581,589.9787756523646
0.02488,631.8200545762828
0.027690000000000003,517.7281277611493
0.02847,491.7924053984628
0.028300000000000002,497.2667007877751
0.029920000000000002,448.74372940873525
0.03362,362.4432191495464
0.02825,498.8952061422162
0.0298,452.0753036540086
0.03075,426.7304125376386
0.022670000000000003,752.4794045371773
0.02425,662.9054526358548
0.02297,734.04892018097
0.02818,501.18937266688437
0.03221,391.94822167502
0.02497,627.5682380501237
0.032369999999999996,388.4115651323907
0.03007,444.6337632884344
0.02469,640.94750474763
0.02675,551.9835012067998
0.03607,318.9102669889388
0.027719999999999998,516.6908125838544
0.0286,487.670415677223
0.02673,552.751093566513
0.024820000000000002,634.6800292528875
0.02784,512.5743470036193
0.03614,317.7903458231317
0.03087,423.68986118117544
0.02366,694.2751056766082
0.0303,438.4468550294058
0.028390000000000002,494.3565680071774
0.02511,621.0438698597238
0.02629,570.0760854947581
0.031010000000000003,420.1858101994069
0.03084,424.44676668851054
0.026940000000000002,544.7749228424185
0.03542,329.6162088336528
0.025,626.1610330480082
0.02583,589.1276237986754
0.041280000000000004,249.93270370394148
0.027460000000000002,525.791854826416
0.02731,531.1587223487384
0.033710000000000004,360.6805587719086
0.03301,374.75946494356856
0.03155,407.0919547673003
0.03154,407.3285171469002
0.02852,490.20050423342565
0.03133,412.34720080625425
0.02666,555.4510448198713
0.03479,340.54836471088686
0.027440000000000003,526.5024545066495
0.02918,469.9311098822839
0.04305,231.77721007562153
0.028800000000000003,481.43508597600186
0.02773,516.3457735379242
0.024550000000000002,647.8075158928885
0.033979999999999996,355.4734886306732
0.02757,521.910614348915
0.0264,565.6648883855264
0.02983,451.2387376562291
0.02763,519.8126968473382
0.024190000000000003,665.9919795962832
0.029050000000000003,473.8171248377048
0.03056,431.61599148250355
0.024370000000000003,656.8000070021027
0.031760000000000004,402.17410677187604
0.03126,414.04194447572394
0.02856,488.9328627569256
0.03015,442.46616066991385
0.03074,426.98535484408734
0.031190000000000002,415.747775668428
0.02935,464.92522343417954
0.027,542.5295180151885
0.03354,364.02154592363064
0.03003,445.7238929887798
0.027780000000000003,514.6260492476142
0.03011,443.5478598848388
0.03019,441.3886435031197
0.02503,624.7588363806611
0.031030000000000002,419.6889889148462
0.027800000000000002,513.9407029322101
0.03597,320.5210701329176
0.03516,334.05934407536824
0.02736,529.3601471170089
0.02974,453.7558398221056
0.03755,296.49842712501953
0.0287,484.53683316512763
0.031120000000000002,417.4647939310329
0.03307,373.5187557941698
0.02589,586.5858180365524
0.025230000000000002,615.5367201526585
0.03246,386.4444159487017
0.02741,527.5712146770597
0.028190000000000003,500.86061078421295
0.03537,330.4633371609506
0.03586,322.3079388192074
0.04193,243.01060187292356
0.028550000000000002,489.24928458113095
0.028210000000000002,500.204112754227
0.028140000000000002,502.50785077404123
0.027190000000000002,535.5150739650347
0.02928,466.97617240167256
0.02969,455.1638753391419
0.026420000000000003,564.8686692721691
0.024030000000000003,674.3350103221876
0.02764,519.4643448432732
0.026170000000000002,574.9508422336257
0.02909,472.6160116529689
0.03197,397.34994297845003
0.036340000000000004,314.62478118774163
0.02982,451.51731973066745
0.02892,477.7543921298046
0.031170000000000003,416.2372063947226
0.0285,490.8362820068252
0.03006,444.9058986845488
0.02944,462.30922522994894
0.0282,500.53219097012334
0.02568,595.5591103104287
0.03013,443.0064860596002
0.03825,286.7579353471024
0.02752,523.669160088278
0.03602,319.71405619430357
0.02903,474.4194993026373
0.0277,517.3819891913188
0.03236,388.6311187621336
0.02468,641.4336788545858
0.02733,530.4381305405153
0.037520000000000005,296.9275894008515
0.02947,461.4424148215428
0.02576,592.115207208179
0.03161,405.6771511724323
0.039189999999999996,274.4566363172227
0.03871,280.63097844770476
0.03781,292.8199621322868
0.02639,566.0636656028331
0.03088,423.4380354368314
0.03226,390.837540255393
0.02495,628.5091581688938
0.032659999999999995,382.12920847345896
0.02915,470.8233814059148
0.030850000000000002,424.1942264970093
0.030440000000000002,434.74754628859057
0.03194,398.0334662468412
0.02901,475.0231376729986
0.03279,379.36521434927056
0.0256,599.0348854423524
0.03456,344.6836518050212
0.03501,336.66615043480687
0.032909999999999995,376.84191348888464
0.03562,326.26196174574346
0.03442,347.23999348234776
0.02859,487.98554206442986
0.02697,543.650381543053
0.02798,507.83720427675706
0.02899,475.62790075106574
0.0265,561.7015000768461
0.033,374.96688619042897
0.02884,480.20320204843836
0.0269,546.2800610934595
0.027120000000000002,538.082516257545
0.032990000000000005,375.1744899034813
0.02543,606.5285871761469
0.02614,576.1798650023087
0.02555,601.2236091645004
0.028579999999999998,488.30099174562844
0.03259,383.6307867684671
0.03062,430.06362270072026
0.02943,462.59873649545085
0.025750000000000002,592.5439657688772
0.0259,586.1638746889221
0.03319,371.0568278994202
0.030260000000000002,439.51298505048925
0.03723,301.127580584606
0.025500000000000002,603.425040907076
0.02789,510.87449104519106
0.03271,381.06235977564626
0.02987,450.12713327446784
0.028239999999999998,499.22192281944456
0.028530000000000003,489.8831052991226
0.032159999999999994,393.0639244705913
0.02934,465.21733989887804
0.02809,504.16370394561545
0.02745,526.1469643040654
0.03311,372.6952372378209
0.03277,379.78837350716884
0.02865,486.0996171559103
0.034100000000000005,353.19746972879733
0.03505,335.96784946376533
0.0319,398.94773953460884
0.02893,477.44968487111976
0.033920000000000006,356.6202492058442
0.03072,427.4959655331491
0.03146,409.2289010018759
0.0313,413.0721681971202
0.02936,464.63339806761985
0.0273,531.5196008488413
0.02999,446.8182727458545
0.03109,418.2041084412587
0.027649999999999997,519.1163630999116
0.031039999999999998,419.4409280081177
0.03846,283.93472886319
0.03252000000000001,385.14175904938065
0.03469,342.33657611497983
0.035,336.8410857220677
0.03498,337.1913909761726
0.02994,448.1922567649579
0.02671,553.520380470907
0.03048,433.69969741105666
0.037270000000000005,300.542675504431
0.03762,295.5008745720719
0.02945,462.02000139255557
0.03083,424.69954573490855
0.03356,363.6259419794925
0.03199,396.8952958705173
0.03141,410.423801408826
0.028329999999999998,496.29364258200116
0.0378,292.96009726537307
0.033310000000000006,368.6205780375258
0.04155,247.0197582443134
0.03036,436.85534076386773
0.040920000000000005,253.90246004318982
0.03157,406.6194841225509
0.0347,342.1570842988585
0.03733,299.66869786296945
0.02791,510.19705192882304
0.03529,331.82595884560266
0.02866,485.7864209652121
0.03295,376.00673346196675
0.028399999999999998,494.0348883295035
0.02995,447.9169238363339
0.03023,440.31528626929764
0.04348,227.68241280305537
0.040299999999999996,260.97856704720374
0.04316,230.71861618733078
0.032200000000000006,392.17095945987234
0.03408,353.57519561100264
0.033049999999999996,373.9315995700662
0.032049999999999995,395.53630011242603
